@High to low,@Low to High,@Sort_Button,Company,Display,Fingerprint Sensor,Gaming,GC_Null,Gen_Text,Generation,Graphics,Graphics Card,Graphics Company,Link,Model No,Num Keypad,OS,Processor,Processor Brand,RAM,Screen Size,SSD,Thumbnail,Title,Touch Screen,Warranty,Weight,Weight (group),1,@Button,@KW_Filter,@Price Sorting,Price,Sr. No
High to Low,Low to High,FALSE,ASUS,"Anti-glare, Screen-to-Body Ratio: 85%",Yes,No,N/A,(12th Gen),12th Gen,Intel Integrated Iris Xe,,Intel,https://www.flipkart.com/asus-vivobook-s14-oled-intel-evo-h-series-core-i7-12th-gen-12700h-16-gb-512-gb-ssd-windows-11-home-s3402za-km702ws-thin-light-laptop/p/itm6e9c39821d69d?pid=COMGCG2GCTYUYF4N&lid=LSTCOMGCG2GCTYUYF4NFRNNAW&marketplace=FLIPKART&q=laptops&store=6bo%2Fb5g&srno=s_1_3&otracker=search&otracker1=search&fm=Search&iid=ca16d7c3-8c5e-44cf-8c64-0ea5a4422851.COMGCG2GCTYUYF4N.SEARCH&ppt=sp&ppn=sp&ssid=1kfududfk00000001713336396542&qH=c06ea84a1e3dc3c6,S3402ZA-KM702WS,No,Windows 11 Home,Intel Core i7,Intel,16 GB,14 Inch,512 GB,https://rukminim2.flixcart.com/image/312/312/xif0q/computer/e/t/2/-original-imagqdrxfn6kzjfz.jpeg?q=70,ASUS Vivobook S14 OLED Intel EVO H-Series Intel Core i7 12th Gen 12700H,No,1 Year Onsite Warranty,1.50 kg,1.21 KG TO 1.50 KG,1,1,1,-77990,77990,1
High to Low,Low to High,FALSE,SAMSUNG,Super Amoled FHD display,Yes,No,N/A,(13th Gen),13th Gen,Intel Integrated Iris Xe,,Intel,https://www.flipkart.com/samsung-galaxy-book3-360-evo-amoled-intel-core-i7-13th-gen-1360p-16-gb-1-tb-ssd-windows-11-home-np750qfg-ka3in-thin-light-laptop/p/itm7565ea313d650?pid=COMGPXF2TFUGNNYG&lid=LSTCOMGPXF2TFUGNNYGR2PY87&marketplace=FLIPKART&q=laptops&store=6bo%2Fb5g&srno=s_1_4&otracker=search&otracker1=search&fm=Search&iid=ca16d7c3-8c5e-44cf-8c64-0ea5a4422851.COMGPXF2TFUGNNYG.SEARCH&ppt=sp&ppn=sp&ssid=1kfududfk00000001713336396542&qH=c06ea84a1e3dc3c6,NP750QFG-KA3IN,Yes,Windows 11 Home,Intel Core i7,Intel,16 GB,15.6 Inch,1 TB,https://rukminim2.flixcart.com/image/312/312/xif0q/computer/1/8/v/galaxy-book3-360-thin-and-light-laptop-samsung-original-imagqqg2zkucnz39.jpeg?q=70,SAMSUNG Galaxy Book3 360 EVO AMOLED Intel Core i7 13th Gen 1360P,Yes,1 Year Onsite Warranty,1.46 Kg,1.21 KG TO 1.50 KG,1,1,1,-133990,133990,2
High to Low,Low to High,FALSE,Acer,"WUXGA, IPS (In-Plane Switching) technology, high-brightness (400 nits)",No,Yes,4 GB,(13th Gen),13th Gen,NVIDIA GeForce RTX 4050,4 GB,NVIDIA,https://www.flipkart.com/acer-predator-neo-2023-intel-core-i7-13th-gen-13700hx-16-gb-1-tb-ssd-windows-11-home-6-gb-graphics-nvidia-geforce-rtx-4050-phn16-71-757p-gaming-laptop/p/itmbac4c539241e8?pid=COMGZS9GYMHMGDT6&lid=LSTCOMGZS9GYMHMGDT6BRZQ8C&marketplace=FLIPKART&q=laptops&store=6bo%2Fb5g&srno=s_1_5&otracker=search&otracker1=search&fm=Search&iid=ca16d7c3-8c5e-44cf-8c64-0ea5a4422851.COMGZS9GYMHMGDT6.SEARCH&ppt=sp&ppn=sp&ssid=1kfududfk00000001713336396542&qH=c06ea84a1e3dc3c6,PHN16-71-757P,Yes,Windows 11 Home,Intel Core i7,Intel,16 GB,16 Inch,1 TB,https://rukminim2.flixcart.com/image/312/312/xif0q/computer/x/r/d/-original-imagp7w2wgf5ense.jpeg?q=70,Acer Predator Neo (2023) Intel Core i7 13th Gen 13700HX,No,1 Year International Travelers Warranty (ITW),2.6 Kg,2.11 KG & Above,1,1,1,-113480,113480,3
High to Low,Low to High,FALSE,Zebronics,"Full HD, IPS Screen",No,No,N/A,(12th Gen),12th Gen,Intel Integrated UHD,,Intel,https://www.flipkart.com/zebronics-thin-light-laptop-intel-core-i7-12th-gen-1255u-16-gb-1-tb-ssd-windows-11-home-zeb-nbc-5s/p/itmb605901c4d2a7?pid=COMGTGFGE6CCV92G&lid=LSTCOMGTGFGE6CCV92G92WPYU&marketplace=FLIPKART&q=laptops&store=6bo%2Fb5g&srno=s_1_6&otracker=search&otracker1=search&fm=Search&iid=ca16d7c3-8c5e-44cf-8c64-0ea5a4422851.COMGTGFGE6CCV92G.SEARCH&ppt=sp&ppn=sp&ssid=1kfududfk00000001713336396542&qH=c06ea84a1e3dc3c6,ZEB-NBC 5S,Yes,Windows 11 Home,Intel Core i7,Intel,16 GB,15.6 Inch,1 TB,https://rukminim2.flixcart.com/image/312/312/xif0q/computer/x/4/n/-original-imagxqetwufbjtyy.jpeg?q=70,ZEBRONICS Thin and Light Laptop Intel Core i7 12th Gen 1255U,No,1 Year Carry-in Warranty,1.76 Kg,1.51 KG TO 1.80 KG ,1,1,1,-43990,43990,4
High to Low,Low to High,FALSE,Lenovo,"WUXGA, IPS 300nits Glossy, 45% NTSC, TUV Rheinland Low Blue Light",Yes,No,N/A,(13th Gen),13th Gen,Intel Integrated Iris Xe,,Intel,https://www.flipkart.com/lenovo-ideapad-flex-5-intel-core-i7-13th-gen-1355u-16-gb-512-gb-ssd-windows-11-home-14iru8-2-1-laptop/p/itm9b16f3980a01f?pid=COMGRU9ZRTYBGZ6F&lid=LSTCOMGRU9ZRTYBGZ6FMMAQXL&marketplace=FLIPKART&q=laptops&store=6bo%2Fb5g&srno=s_1_7&otracker=search&otracker1=search&fm=Search&iid=ca16d7c3-8c5e-44cf-8c64-0ea5a4422851.COMGRU9ZRTYBGZ6F.SEARCH&ppt=sp&ppn=sp&ssid=1kfududfk00000001713336396542&qH=c06ea84a1e3dc3c6,14IRU8,No,Windows 11 Home,Intel Core i7,Intel,16 GB,14 Inch,512 GB,https://rukminim2.flixcart.com/image/312/312/xif0q/computer/x/r/1/-original-imahyyhuz8znjtdx.jpeg?q=70,Lenovo IdeaPad Flex 5 Intel Core i7 13th Gen 1355U,Yes,1 Year Carry-in Warranty,1.5 kg,1.21 KG TO 1.50 KG,1,1,1,-77190,77190,5
High to Low,Low to High,FALSE,ASUS,"WUXGA, 16:10 aspect ratio, LED Backlit, IPS-level Panel",No,Yes,4 GB,(12th Gen),12th Gen,NVIDIA GeForce RTX 3050,4 GB,NVIDIA,https://www.flipkart.com/asus-vivobook-16x-2023-creator-intel-h-series-core-i7-12th-gen-12650h-16-gb-1-tb-ssd-windows-11-home-4-gb-graphics-nvidia-geforce-rtx-3050-60-hz-50-tgp-k3605zc-mbn752ws-gaming-laptop/p/itmefa9bb07f343c?pid=COMGPNG4HXXVGPAS&lid=LSTCOMGPNG4HXXVGPAS2HYIBG&marketplace=FLIPKART&q=laptops&store=6bo%2Fb5g&srno=s_1_9&otracker=search&otracker1=search&fm=Search&iid=ca16d7c3-8c5e-44cf-8c64-0ea5a4422851.COMGPNG4HXXVGPAS.SEARCH&ppt=sp&ppn=sp&ssid=1kfududfk00000001713336396542&qH=c06ea84a1e3dc3c6,K3605ZC-MBN752WS,Yes,Windows 11 Home,Intel Core i7,Intel,16 GB,16 Inch,1 TB,https://rukminim2.flixcart.com/image/312/312/xif0q/computer/u/9/1/-original-imagsz6yhngzhh7w.jpeg?q=70,"ASUS Vivobook 16X (2023) For Creator, Intel H-Series Intel Core i7 12th Gen 12650H",No,1 Year Onsite Warranty,1.80 Kg,1.51 KG TO 1.80 KG ,1,1,1,-82990,82990,6
High to Low,Low to High,FALSE,Lenovo,"WQXGA, 2.5K, IPS 350nits Anti-glare, 100% sRGB, Dolby Vision, TÜV Low Blue Light",No,No,N/A,(13th Gen),13th Gen,Intel Integrated Iris Xe,,Intel,https://www.flipkart.com/lenovo-ideapad-slim-5-intel-core-i7-13th-gen-13700h-16-gb-1-tb-ssd-windows-11-home-16irl8-laptop/p/itmd923479c7d69b?pid=COMGVQ2YAVZSZSY8&lid=LSTCOMGVQ2YAVZSZSY8SAWRD5&marketplace=FLIPKART&q=laptops&store=6bo%2Fb5g&srno=s_1_10&otracker=search&otracker1=search&fm=Search&iid=ca16d7c3-8c5e-44cf-8c64-0ea5a4422851.COMGVQ2YAVZSZSY8.SEARCH&ppt=sp&ppn=sp&ssid=1kfududfk00000001713336396542&qH=c06ea84a1e3dc3c6,16IRL8,Yes,Windows 11 Home,Intel Core i7,Intel,16 GB,16 inch,1 TB,https://rukminim2.flixcart.com/image/312/312/xif0q/computer/w/l/w/-original-imahyyhvpv6gaxk7.jpeg?q=70,Lenovo IdeaPad Slim 5 Intel Core i7 13th Gen 13700H,No,1 Year Carry-in Warranty,1.89 Kg,1.81 KG TO 2.10 KG,1,1,1,-88190,88190,7
High to Low,Low to High,FALSE,Samsung,"Full HD LED Display, Anti-Glare",Yes,No,N/A,(13th Gen),13th Gen,Intel Integrated Iris Xe,,Intel,https://www.flipkart.com/samsung-galaxy-book3-intel-core-i7-13th-gen-1355u-16-gb-512-gb-ssd-windows-11-home-np750xfg-ka3in-thin-light-laptop/p/itm060a8fab083ca?pid=COMGN5FVHUGHFBQS&lid=LSTCOMGN5FVHUGHFBQSZGZXMJ&marketplace=FLIPKART&q=laptops&store=6bo%2Fb5g&srno=s_1_13&otracker=search&otracker1=search&fm=Search&iid=ca16d7c3-8c5e-44cf-8c64-0ea5a4422851.COMGN5FVHUGHFBQS.SEARCH&ppt=sp&ppn=sp&ssid=1kfududfk00000001713336396542&qH=c06ea84a1e3dc3c6,NP750XFG-KA3IN,Yes,Windows 11 Home,Intel Core i7,Intel,16 GB,15.6 Inch,512 GB,https://rukminim2.flixcart.com/image/312/312/xif0q/computer/i/z/h/galaxy-book3-thin-and-light-laptop-samsung-original-imagnb2cuanuhzmp.jpeg?q=70,SAMSUNG Galaxy Book3 Intel Core i7 13th Gen 1355U,No,1 Year Onsite Warranty,1.58 Kg,1.51 KG TO 1.80 KG ,1,1,1,-81990,81990,8
High to Low,Low to High,FALSE,Zebronics,"Full HD, IPS Screen",No,No,N/A,(12th Gen),12th Gen,Intel Integrated UHD,,Intel,https://www.flipkart.com/zebronics-pro-series-z-intel-core-i7-12th-gen-1255u-16-gb-1-tb-ssd-windows-11-home-zeb-nbc-5s-thin-light-laptop/p/itm5684eb9eb32ea?pid=COMGSZ8NNDQC45DY&lid=LSTCOMGSZ8NNDQC45DYTFNCF0&marketplace=FLIPKART&q=laptops&store=6bo%2Fb5g&srno=s_1_14&otracker=search&otracker1=search&fm=Search&iid=ca16d7c3-8c5e-44cf-8c64-0ea5a4422851.COMGSZ8NNDQC45DY.SEARCH&ppt=sp&ppn=sp&ssid=1kfududfk00000001713336396542&qH=c06ea84a1e3dc3c6,ZEB-NBC 5S,Yes,Windows 11 Home,Intel Core i7,Intel,16 GB,15.6 inch,1 TB,https://rukminim2.flixcart.com/image/312/312/xif0q/computer/s/z/h/-original-imagxqetpzcznvsy.jpeg?q=70,ZEBRONICS Pro Series Z Intel Core i7 12th Gen 1255U,No,1 Year Carry-in Warranty,1.76 Kg,1.51 KG TO 1.80 KG ,1,1,1,-43990,43990,9
High to Low,Low to High,FALSE,HP,"Full HD, IPS, multitouch-enabled, Brightness: 250 nits, 157 ppi, Color Gamut: 45%NTSC",Yes,No,N/A,(11th Gen),11th Gen,Intel Integrated Iris Xe,,Intel,https://www.flipkart.com/hp-x360-pavilion-pen-intel-core-i7-11th-gen-1195g7-16-gb-512-gb-ssd-windows-11-home-14-dy1047tu-thin-light-laptop/p/itm2a54c9548b613?pid=COMGCNDPKPCKGGQZ&lid=LSTCOMGCNDPKPCKGGQZNMIQO2&marketplace=FLIPKART&q=laptops&store=6bo%2Fb5g&srno=s_1_15&otracker=search&otracker1=search&fm=Search&iid=ca16d7c3-8c5e-44cf-8c64-0ea5a4422851.COMGCNDPKPCKGGQZ.SEARCH&ppt=sp&ppn=sp&ssid=1kfududfk00000001713336396542&qH=c06ea84a1e3dc3c6,14-dy1047TU,No,Windows 11 Home,Intel Core i7,Intel,16 GB,14 inch,512 GB,https://rukminim2.flixcart.com/image/312/312/l12h1u80/computer/2/s/q/14-dy1048tu-thin-and-light-laptop-hp-original-imagcpuvfpshgd7q.jpeg?q=70,HP x360 Pavilion with pen Intel Core i7 11th Gen 1195G7,Yes,1 Year Onsite Warranty,1.52 kg,1.51 KG TO 1.80 KG ,1,1,1,-67390,67390,10
High to Low,Low to High,FALSE,MSI,"Full HD, 144Hz 45% NTSC",No,Yes,8 GB,(12th Gen),12th Gen,NVIDIA GeForce RTX 4060,8 GB,NVIDIA,https://www.flipkart.com/msi-katana-17-intel-core-i7-12th-gen-12650h-16-gb-1-tb-ssd-windows-11-home-8-gb-graphics-nvidia-geforce-rtx-4060-144-hz-b12vfk-668in-gaming-laptop/p/itmb4b148138389d?pid=COMGR5S36WGZU2DV&lid=LSTCOMGR5S36WGZU2DVCA722H&marketplace=FLIPKART&q=laptops&store=6bo%2Fb5g&srno=s_1_16&otracker=search&otracker1=search&fm=Search&iid=ca16d7c3-8c5e-44cf-8c64-0ea5a4422851.COMGR5S36WGZU2DV.SEARCH&ppt=sp&ppn=sp&ssid=1kfududfk00000001713336396542&qH=c06ea84a1e3dc3c6,Katana 17 B12VFK-668IN,Yes,Windows 11 Home,Intel Core i7,Intel,16 GB,17.3 Inch,1 TB,https://rukminim2.flixcart.com/image/312/312/xif0q/computer/j/k/x/-original-imagtfzmyxguhhjh.jpeg?q=70,MSI Katana 17 Intel Core i7 12th Gen 12650H,No,2 Year Carry-in Warranty,2.6 Kg,2.11 KG & Above,1,1,1,-114990,114990,11
High to Low,Low to High,FALSE,ASUS,"Full HD, 1920 x 1080 pixel",No,Yes,8 GB,(12th Gen),12th Gen,NVIDIA GeForce RTX 4060,8 GB,NVIDIA,https://www.flipkart.com/asus-intel-core-i7-12th-gen-16-gb-512-gb-ssd-windows-11-home-8-graphics-nvidia-geforce-rtx-8gb-4060-fx507zv-lp094w-gaming-laptop/p/itm89b659fa1fc3c?pid=COMGPRVNAZZHBHGG&lid=LSTCOMGPRVNAZZHBHGGP76HCO&marketplace=FLIPKART&q=laptops&store=6bo%2Fb5g&srno=s_1_19&otracker=search&otracker1=search&fm=Search&iid=ca16d7c3-8c5e-44cf-8c64-0ea5a4422851.COMGPRVNAZZHBHGG.SEARCH&ppt=sp&ppn=sp&ssid=1kfududfk00000001713336396542&qH=c06ea84a1e3dc3c6,FX507ZV-LP094W,Yes,Windows 11 Home,Intel Core i7,Intel,16 GB,15.6 inch,512 GB,https://rukminim2.flixcart.com/image/312/312/xif0q/computer/x/m/8/tuf-gaming-f15-gaming-laptop-asus-original-imagprvnza3wyhwa.jpeg?q=70,ASUS Intel Core i7 12th Gen,No,1 Year Warranty,N/A,N/A,1,1,1,-102000,102000,12
High to Low,Low to High,FALSE,DELL,"Full HD, 1920 x 1080 pixel, 120 Hz",No,No,N/A,(13th Gen),13th Gen,Intel UHD Graphics,,Intel,https://www.flipkart.com/dell-inspiron-intel-core-i7-13th-gen-1355u-16-gb-512-gb-ssd-windows-11-home-3530-thin-light-laptop/p/itmaeb27988be238?pid=COMGUXC4UXUCH5BQ&lid=LSTCOMGUXC4UXUCH5BQX1CW07&marketplace=FLIPKART&q=laptops&store=6bo%2Fb5g&srno=s_1_20&otracker=search&otracker1=search&fm=Search&iid=ca16d7c3-8c5e-44cf-8c64-0ea5a4422851.COMGUXC4UXUCH5BQ.SEARCH&ppt=sp&ppn=sp&ssid=1kfududfk00000001713336396542&qH=c06ea84a1e3dc3c6,Inspiron 3530,Yes,Windows 11 Home,Intel Core i7,Intel,16 GB,15.6 inch,512 GB,https://rukminim2.flixcart.com/image/312/312/xif0q/computer/f/o/h/inspiron-3530-thin-and-light-laptop-dell-original-imagx7z26ssh3f2c.jpeg?q=70,DELL Inspiron Intel Core i7 13th Gen 1355U,No,1 Year Onsite Hardware Service,N/A,N/A,1,1,1,-69990,69990,13
High to Low,Low to High,FALSE,ZEBRONICS,"Full HD, IPS Screen",No,No,N/A,(12th Gen),12th Gen,Intel Integrated UHD,,Intel,https://www.flipkart.com/zebronics-thin-light-laptop-intel-core-i7-12th-gen-1255u-16-gb-512-gb-ssd-windows-11-home-zeb-nbc-5s/p/itmb605901c4d2a7?pid=COMGTGFGGM87TPAR&lid=LSTCOMGTGFGGM87TPARRRVXCW&marketplace=FLIPKART&q=laptops&store=6bo%2Fb5g&srno=s_1_23&otracker=search&otracker1=search&fm=Search&iid=ca16d7c3-8c5e-44cf-8c64-0ea5a4422851.COMGTGFGGM87TPAR.SEARCH&ppt=sp&ppn=sp&ssid=1kfududfk00000001713336396542&qH=c06ea84a1e3dc3c6,ZEB-NBC 5S,Yes,Windows 11 Home,Intel Core i7,Intel,16 GB,15.6 Inch,512 GB,https://rukminim2.flixcart.com/image/312/312/xif0q/computer/x/4/n/-original-imagxqetwufbjtyy.jpeg?q=70,ZEBRONICS Thin and Light Laptop Intel Core i7 12th Gen 1255U,No,1 Year Carry-in Warranty,1.76 Kg,1.51 KG TO 1.80 KG ,1,1,1,-40990,40990,14
High to Low,Low to High,FALSE,Infinix,"Full HD IPS Display (300nits peak brightness, 100% sRGB, NTSC 72%)",No,No,N/A,(12th Gen),12th Gen,Intel Integrated Iris Xe,,Intel,https://www.flipkart.com/infinix-x3-slim-intel-core-i7-12th-gen-1255u-16-gb-512-gb-ssd-windows-11-home-xl422-thin-light-laptop/p/itmbeba81d7c6a36?pid=COMGRSWXFQW2HRMB&lid=LSTCOMGRSWXFQW2HRMBY7X1MT&marketplace=FLIPKART&q=laptops&store=6bo%2Fb5g&srno=s_1_24&otracker=search&otracker1=search&fm=Search&iid=ca16d7c3-8c5e-44cf-8c64-0ea5a4422851.COMGRSWXFQW2HRMB.SEARCH&ppt=sp&ppn=sp&ssid=1kfududfk00000001713336396542&qH=c06ea84a1e3dc3c6,XL422,No,Windows 11 Home,Intel Core i7,Intel,16 GB,14 Inch,512 GB,https://rukminim2.flixcart.com/image/312/312/xif0q/computer/z/w/j/xl422-thin-and-light-laptop-infinix-original-imags7v8m4zcsab2.jpeg?q=70,Infinix X3 Slim Intel Intel Core i7 12th Gen 1255U,No,1 Year Onsite Warranty,1.24 Kg,1.21 KG TO 1.50 KG,1,1,1,-43990,43990,15
High to Low,Low to High,FALSE,HP,"Full HD, Touchscreen",Yes,Yes,N/A,(13th Gen),13th Gen,Intel Integrated Intel® Iris® X? Graphics,,Intel,https://www.flipkart.com/hp-pavilion-x360-intel-core-i7-13th-gen-16-gb-512-gb-ssd-windows-11-home-14-ek1021tu-2-1-laptop/p/itm52734005494bf?pid=COMGT4WXAXMRSZZG&lid=LSTCOMGT4WXAXMRSZZGH8DHVF&marketplace=FLIPKART&q=laptops&store=6bo%2Fb5g&srno=s_2_26&otracker=search&otracker1=search&fm=Search&iid=159ae537-14dd-425b-bcec-a37432712320.COMGT4WXAXMRSZZG.SEARCH&ppt=sp&ppn=sp&qH=c06ea84a1e3dc3c6,14-EK1021TU,No,Windows 11 Home,Intel Core i7,Intel,16 GB,14 inch,512 GB,https://rukminim2.flixcart.com/image/312/312/xif0q/computer/f/z/a/14-ek1010tu-thin-and-light-laptop-hp-original-imagnksxpampc2fe.jpeg?q=70,HP Pavilion x360 Intel Core i7 13th Gen 14-EK1021TU 2-in-1,Yes,1 Year Warranty,N/A,N/A,1,1,1,-89990,89990,16
High to Low,Low to High,FALSE,HP,"Full HD, 144 Hz, IPS, Anti-glare",No,Yes,4 GB,(12th Gen),12th Gen,NVIDIA GeForce RTX 3050,4 GB,NVIDIA,https://www.flipkart.com/hp-victus-intel-core-i7-12th-gen-12650h-16-gb-512-gb-ssd-windows-11-home-4-graphics-nvidia-geforce-rtx-3050-15-fa0188tx-gaming-laptop/p/itm1c2e91ba5ca7e?pid=COMGRZQ24BVVKBHS&lid=LSTCOMGRZQ24BVVKBHSYAFT6R&marketplace=FLIPKART&q=laptops&store=6bo%2Fb5g&srno=s_2_34&otracker=search&otracker1=search&fm=Search&iid=159ae537-14dd-425b-bcec-a37432712320.COMGRZQ24BVVKBHS.SEARCH&ppt=sp&ppn=sp&qH=c06ea84a1e3dc3c6,15-fa0188TX,Yes,Windows 11 Home,Intel Core i7,Intel,16 GB,15.6 Inch,512 GB,https://rukminim2.flixcart.com/image/312/312/xif0q/computer/8/i/j/-original-imagthcbgurdzwuc.jpeg?q=70,HP Victus Intel Core i7 12th Gen 15-fa0188TX Gaming,No,1 Year Onsite Warranty,2.37 Kg,2.11 KG & Above,1,1,1,-81990,81990,17
High to Low,Low to High,FALSE,MSI,"Full HD, 60Hz, IPS-Level, 45%NTSC",Yes,No,N/A,(13th Gen),13th Gen,Intel Integrated Iris Xe,,Intel,https://www.flipkart.com/msi-prestige-16studio-intel-core-i7-13th-gen-13700h-16-gb-1-tb-ssd-windows-11-home-a13ve-031in-thin-light-laptop/p/itm7428e73d34470?pid=COMGMV6VAFZH3HVR&lid=LSTCOMGMV6VAFZH3HVREMYJED&marketplace=FLIPKART&q=laptops&store=6bo%2Fb5g&srno=s_2_36&otracker=search&otracker1=search&fm=Search&iid=159ae537-14dd-425b-bcec-a37432712320.COMGMV6VAFZH3HVR.SEARCH&ppt=sp&ppn=sp&qH=c06ea84a1e3dc3c6,Modern 14 C13M-435IN,No,Windows 11 Home,Intel Core i7,Intel,16 GB,14 Inch,512 GB,https://rukminim2.flixcart.com/image/312/312/xif0q/computer/g/w/o/prestige-16studio-a13ve-031in-laptop-msi-original-imagnjyvgmhfpegx.jpeg?q=70,MSI Modern 14 Intel Core i7 13th Gen Modern 14 C13M-435IN,No,1 Year Carry-in Warranty,1.4 Kg,1.21 KG TO 1.50 KG,1,1,1,-64990,64990,18
High to Low,Low to High,FALSE,HP,"2.8K, OLED, 90 Hz, UWVA, Micro Edge, BrightView, Low Blue Light, HDR, 100% DCI-P3, TUV Certified",Yes,No,N/A,(12th Gen),12th Gen,Intel Integrated Iris Xe,,Intel,https://www.flipkart.com/hp-pavilion-plus-creator-oled-eyesafe-2023-h-series-intel-core-i7-12th-gen-12700h-16-gb-1-tb-ssd-windows-11-home-14-eh0024tu-thin-light-laptop/p/itm4aaa3f48f218c?pid=COMGHMH6GYGRH5BU&lid=LSTCOMGHMH6GYGRH5BUHVAV5G&marketplace=FLIPKART&q=laptops&store=6bo%2Fb5g&srno=s_2_40&otracker=search&otracker1=search&fm=Search&iid=159ae537-14dd-425b-bcec-a37432712320.COMGHMH6GYGRH5BU.SEARCH&ppt=sp&ppn=sp&qH=c06ea84a1e3dc3c6,14-eh0024TU,No,Windows 11 Home,Intel Core i7,Intel,16 GB,14 inch,1 TB,https://rukminim2.flixcart.com/image/312/312/xif0q/computer/l/t/o/-original-imagwy8ezzkhk5sy.jpeg?q=70,HP Pavilion Plus Creator OLED Eyesafe (2023),No,1 Year Onsite Warranty,1.41 kg,1.21 KG TO 1.50 KG,1,1,1,-95990,95990,19
High to Low,Low to High,FALSE,MSI,"Full HD, 144 Hz, 45% NTSC IPS-Level",No,Yes,6 GB,(12th Gen),12th Gen,NVIDIA GeForce RTX 4050,6 GB,NVIDIA,https://www.flipkart.com/msi-gf63-intel-core-i7-12th-gen-12650h-16-gb-512-gb-ssd-windows-11-home-6-graphics-nvidia-geforce-rtx-4050-144-hz-thin-12ve-070in-gaming-laptop/p/itm7346c57244c67?pid=COMGMGSJZQGQXKGZ&lid=LSTCOMGMGSJZQGQXKGZ0MPXHR&marketplace=FLIPKART&q=laptops&store=6bo%2Fb5g&srno=s_2_43&otracker=search&otracker1=search&fm=Search&iid=159ae537-14dd-425b-bcec-a37432712320.COMGMGSJZQGQXKGZ.SEARCH&ppt=sp&ppn=sp&qH=c06ea84a1e3dc3c6,GF63 12VE-070IN,Yes,Windows 11 Home,Intel Core i7,Intel,16 GB,15.6 inch,512 GB,https://rukminim2.flixcart.com/image/312/312/xif0q/computer/7/0/l/-original-imagtfd2ms63gywa.jpeg?q=70,MSI GF63 Intel Core i7 12th Gen 12650H - Gaming Laptop,No,2 Year Carry-in Warranty,1.86 kg,1.81 KG TO 2.10 KG,1,1,1,-92990,92990,20
High to Low,Low to High,FALSE,Infinix,"Full HD IPS, 300 nits peak brightness, 100% sRGB, NTSC 72%",No,No,N/A,(12th Gen),12th Gen,Intel Integrated Iris Xe,,Intel,https://www.flipkart.com/infinix-x3-slim-intel-core-i7-12th-gen-1255u-16-gb-512-gb-ssd-windows-11-home-xl422-thin-light-laptop/p/itm8b52da4d2a5a9?pid=COMGRSWXNS9BKMHH&lid=LSTCOMGRSWXNS9BKMHH9SNAHF&marketplace=FLIPKART&q=laptops&store=6bo%2Fb5g&srno=s_2_44&otracker=search&otracker1=search&fm=Search&iid=159ae537-14dd-425b-bcec-a37432712320.COMGRSWXNS9BKMHH.SEARCH&ppt=sp&ppn=sp&qH=c06ea84a1e3dc3c6,XL422,No,Windows 11 Home,Intel Core i7,Intel,16 GB,14 inch,512 GB,https://rukminim2.flixcart.com/image/312/312/xif0q/computer/4/p/5/xl422-thin-and-light-laptop-infinix-original-imags7v8jtvc2q6f.jpeg?q=70,Infinix X3 Slim Intel Core i7 12th Gen 1255U - Thin Laptop,No,1 Year Onsite Warranty,1.24 kg,1.21 KG TO 1.50 KG,1,1,1,-43990,43990,21
High to Low,Low to High,FALSE,Lenovo,"WUXGA OLED, 400 nits Glossy, 100% DCI-P3, 60Hz, DisplayHDR True Black 500",No,No,N/A,(13th Gen),13th Gen,Intel Integrated Iris Xe,,Intel,https://www.flipkart.com/lenovo-yoga-slim-6-wuxga-oled-intel-core-i7-13th-gen-13700h-16-gb-512-gb-ssd-windows-11-home-14irh8-thin-light-laptop/p/itmac9a3e45fe07b?pid=COMGSVFEDWMZEGZP&lid=LSTCOMGSVFEDWMZEGZPPADKSF&marketplace=FLIPKART&q=laptops&store=6bo%2Fb5g&srno=s_2_45&otracker=search&otracker1=search&fm=Search&iid=159ae537-14dd-425b-bcec-a37432712320.COMGSVFEDWMZEGZP.SEARCH&ppt=sp&ppn=sp&qH=c06ea84a1e3dc3c6,14IRH8,No,Windows 11 Home,Intel Core i7,Intel,16 GB,14 inch,512 GB,https://rukminim2.flixcart.com/image/312/312/xif0q/computer/3/r/g/-original-imahyyhrsfw6gsez.jpeg?q=70,Lenovo Yoga Slim 6 WUXGA OLED Intel Core i7 13th Gen 13700H,No,1 Year Onsite + 1Year Premium Care,1.35 kg,1.21 KG TO 1.50 KG,1,1,1,-92690,92690,22
High to Low,Low to High,FALSE,Zebronics,"Full HD, IPS Screen",No,No,N/A,(12th Gen),12th Gen,Intel Integrated UHD,,Intel,https://www.flipkart.com/zebronics-thin-light-laptop-intel-core-i7-12th-gen-1255u-16-gb-1-tb-ssd-windows-11-home-zeb-nbc-5s/p/itmb605901c4d2a7?pid=COMGTGFGE6CCV92G&lid=LSTCOMGTGFGE6CCV92G92WPYU&marketplace=FLIPKART&q=laptops&store=6bo%2Fb5g&srno=s_1_1&otracker=search&otracker1=search&fm=Search&iid=14482f62-dfd0-42bb-bf43-1aa9aadd4e90.COMGTGFGE6CCV92G.SEARCH&ppt=sp&ppn=sp&qH=c06ea84a1e3dc3c6,ZEB-NBC 5S,Yes,Windows 11 Home,Intel Core i7,Intel,16 GB,15.6 Inch,1 TB,https://rukminim2.flixcart.com/image/312/312/xif0q/computer/x/4/n/-original-imagxqetwufbjtyy.jpeg?q=70,Zebronics Thin and Light Laptop,No,1 Year Carry-in Warranty,1.76 kg,1.51 KG TO 1.80 KG ,1,1,1,-43990,43990,23
High to Low,Low to High,FALSE,HP,"Full HD, IPS, multitouch-enabled, Brightness: 250 nits, 157 ppi, Color Gamut: 45%NTSC",Yes,No,N/A,(11th Gen),11th Gen,Intel Integrated Iris Xe,,Intel,https://www.flipkart.com/hp-x360-pavilion-pen-intel-core-i7-11th-gen-1195g7-16-gb-512-gb-ssd-windows-11-home-14-dy1047tu-thin-light-laptop/p/itm2a54c9548b613?pid=COMGCNDPKPCKGGQZ&lid=LSTCOMGCNDPKPCKGGQZNMIQO2&marketplace=FLIPKART&q=laptops&store=6bo%2Fb5g&srno=s_1_3&otracker=search&otracker1=search&fm=Search&iid=14482f62-dfd0-42bb-bf43-1aa9aadd4e90.COMGCNDPKPCKGGQZ.SEARCH&ppt=sp&ppn=sp&qH=c06ea84a1e3dc3c6,14-dy1047TU,No,Windows 11 Home,Intel Core i7,Intel,16 GB,14 inch,512 GB,https://rukminim2.flixcart.com/image/312/312/l12h1u80/computer/2/s/q/14-dy1048tu-thin-and-light-laptop-hp-original-imagcpuvfpshgd7q.jpeg?q=70,HP x360 Pavilion with pen Thin and Light Laptop,Yes,1 Year Onsite Warranty,1.52 kg,1.51 KG TO 1.80 KG ,1,1,1,-67390,67390,24
High to Low,Low to High,FALSE,DELL,"Full HD (1920x1080), 120Hz refresh rate, 250 nits brightness",No,No,N/A,(13th Gen),13th Gen,Intel Integrated UHD,,Intel,https://www.flipkart.com/dell-inspiron-intel-core-i7-13th-gen-1355u-16-gb-512-gb-ssd-windows-11-home-3530-thin-light-laptop/p/itmaeb27988be238?pid=COMGUXC4UXUCH5BQ&lid=LSTCOMGUXC4UXUCH5BQX1CW07&marketplace=FLIPKART&q=laptops&store=6bo%2Fb5g&srno=s_1_5&otracker=search&otracker1=search&fm=Search&iid=14482f62-dfd0-42bb-bf43-1aa9aadd4e90.COMGUXC4UXUCH5BQ.SEARCH&ppt=sp&ppn=sp&qH=c06ea84a1e3dc3c6,3530,Yes,Windows 11 Home,Intel Core i7,Intel,16 GB,15.6 inch,512 GB,https://rukminim2.flixcart.com/image/312/312/xif0q/computer/f/o/h/inspiron-3530-thin-and-light-laptop-dell-original-imagx7z26ssh3f2c.jpeg?q=70,DELL Inspiron Intel Core i7 13th Gen 1355U,No,1 Year Onsite Warranty,N/A,N/A,1,1,1,-69990,69990,25
High to Low,Low to High,FALSE,Infinix,"Full HD IPS Display (300nits peak brightness, 100% sRGB, NTSC 72%)",No,No,N/A,(12th Gen),12th Gen,Intel Integrated Iris Xe,,Intel,https://www.flipkart.com/infinix-x3-slim-intel-core-i7-12th-gen-1255u-16-gb-512-gb-ssd-windows-11-home-xl422-thin-light-laptop/p/itm8b52da4d2a5a9?pid=COMGRSWXNS9BKMHH&lid=LSTCOMGRSWXNS9BKMHH9SNAHF&marketplace=FLIPKART&q=laptops&store=6bo%2Fb5g&srno=s_1_9&otracker=search&otracker1=search&fm=Search&iid=14482f62-dfd0-42bb-bf43-1aa9aadd4e90.COMGRSWXNS9BKMHH.SEARCH&ppt=sp&ppn=sp&qH=c06ea84a1e3dc3c6,XL422,No,Windows 11 Home,Intel Core i7,Intel,16 GB,14 Inch,512 GB,https://rukminim2.flixcart.com/image/312/312/xif0q/computer/4/p/5/xl422-thin-and-light-laptop-infinix-original-imags7v8jtvc2q6f.jpeg?q=70,Infinix X3 Slim Intel Intel Core i7 12th Gen 1255U,No,1 Year Onsite Warranty,1.24 kg,1.21 KG TO 1.50 KG,1,1,1,-43990,43990,26
High to Low,Low to High,FALSE,Infinix,"Full HD Display, Anti Glare, 300nits peak brightness, NTSC 60%",No,No,N/A,(13th Gen),13th Gen,Intel Integrated Iris Xe,,Intel,https://www.flipkart.com/infinix-y4-max-series-intel-core-i7-13th-gen-1355u-16-gb-512-gb-ssd-windows-11-home-yl613-thin-light-laptop/p/itm3cea8d640359c?pid=COMGWWBRQKGZDSUX&lid=LSTCOMGWWBRQKGZDSUXTQREMO&marketplace=FLIPKART&q=laptops&store=6bo%2Fb5g&srno=s_1_10&otracker=search&otracker1=search&fm=Search&iid=14482f62-dfd0-42bb-bf43-1aa9aadd4e90.COMGWWBRQKGZDSUX.SEARCH&ppt=sp&ppn=sp&qH=c06ea84a1e3dc3c6,YL613,Yes,Windows 11 Home,Intel Core i7,Intel,16 GB,16 inch,512 GB,https://rukminim2.flixcart.com/image/312/312/xif0q/computer/l/p/u/inbook-y4-max-core-i5-thin-and-light-laptop-infinix-original-imagxy8mny47qkha.jpeg?q=70,Infinix Y4 Max Series Intel Core i7 13th Gen 1355U,No,1 Year Onsite Warranty,1.78 kg,1.51 KG TO 1.80 KG ,1,1,1,-52990,52990,27
High to Low,Low to High,FALSE,MSI,"FHD+ , IPS-Level panel",No,No,N/A,(13th Gen),13th Gen,Intel Integrated Iris Xe,,Intel,https://www.flipkart.com/msi-modern-14-h-intel-core-i7-13th-gen-13620h-16-gb-1-tb-ssd-windows-11-home-d13mg-072in-thin-light-laptop/p/itm92ab2cb02fc57?pid=COMGXMY5QMG2RAV2&lid=LSTCOMGXMY5QMG2RAV2PMYCYF&marketplace=FLIPKART&q=laptops&store=6bo%2Fb5g&srno=s_1_12&otracker=search&otracker1=search&fm=Search&iid=14482f62-dfd0-42bb-bf43-1aa9aadd4e90.COMGXMY5QMG2RAV2.SEARCH&ppt=sp&ppn=sp&qH=c06ea84a1e3dc3c6,Modern 14 H D13MG-072IN,No,Windows 11 Home,Intel Core i7,Intel,16 GB,14 inch,1 TB,https://rukminim2.flixcart.com/image/312/312/xif0q/computer/3/t/h/-original-imagyj9jzftzyjqf.jpeg?q=70,MSI Modern 14 H Intel Core i7 13th Gen 13620H,No,1 Year Carry-in Warranty,1.6 Kg,1.51 KG TO 1.80 KG ,1,1,1,-68990,68990,28
High to Low,Low to High,FALSE,Infinix,"Full HD Display, Anti Glare, 300nits peak brightness, NTSC 60%",No,No,N/A,(13th Gen),13th Gen,Intel Integrated Iris Xe,,Intel,https://www.flipkart.com/infinix-y4-max-series-intel-core-i7-13th-gen-1355u-16-gb-512-gb-ssd-windows-11-home-yl613-thin-light-laptop/p/itm3cea8d640359c?pid=COMGWWBRQKGZDSUX&lid=LSTCOMGWWBRQKGZDSUXTQREMO&marketplace=FLIPKART&q=laptops&store=6bo%2Fb5g&srno=s_1_10&otracker=search&otracker1=search&fm=Search&iid=14482f62-dfd0-42bb-bf43-1aa9aadd4e90.COMGWWBRQKGZDSUX.SEARCH&ppt=sp&ppn=sp&qH=c06ea84a1e3dc3c6,YL613,Yes,Windows 11 Home,Intel Core i7,Intel,16 GB,16 inch,512 GB,https://rukminim2.flixcart.com/image/312/312/xif0q/computer/l/p/u/inbook-y4-max-core-i5-thin-and-light-laptop-infinix-original-imagxy8mny47qkha.jpeg?q=70,Infinix Y4 Max Series Intel Core i7 13th Gen 1355U,No,1 Year Onsite Warranty,1.78 kg,1.51 KG TO 1.80 KG ,1,1,1,-52990,52990,29
High to Low,Low to High,FALSE,MSI,"FHD+ , IPS-Level panel",No,No,N/A,(13th Gen),13th Gen,Intel Integrated Iris Xe,,Intel,https://www.flipkart.com/msi-modern-14-h-intel-core-i7-13th-gen-13620h-16-gb-1-tb-ssd-windows-11-home-d13mg-072in-thin-light-laptop/p/itm92ab2cb02fc57?pid=COMGXMY5QMG2RAV2&lid=LSTCOMGXMY5QMG2RAV2PMYCYF&marketplace=FLIPKART&q=laptops&store=6bo%2Fb5g&srno=s_1_12&otracker=search&otracker1=search&fm=Search&iid=14482f62-dfd0-42bb-bf43-1aa9aadd4e90.COMGXMY5QMG2RAV2.SEARCH&ppt=sp&ppn=sp&qH=c06ea84a1e3dc3c6,Modern 14 H D13MG-072IN,No,Windows 11 Home,Intel Core i7,Intel,16 GB,14 inch,1 TB,https://rukminim2.flixcart.com/image/312/312/xif0q/computer/3/t/h/-original-imagyj9jzftzyjqf.jpeg?q=70,MSI Modern 14 H Intel Core i7 13th Gen 13620H,No,1 Year Carry-in Warranty,1.6 Kg,1.51 KG TO 1.80 KG ,1,1,1,-68990,68990,30
High to Low,Low to High,FALSE,Lenovo,Full HD IPS Anti-glare Display,No,No,N/A,(12th Gen),12th Gen,Intel Integrated Iris Xe,,Intel,https://www.flipkart.com/lenovo-intel-core-i7-12th-gen-1255u-16-gb-512-gb-ssd-windows-11-home-thinkbook-15-g4-thin-light-laptop/p/itm1245674a8117a?pid=COMGT82XZER6UDGH&lid=LSTCOMGT82XZER6UDGHIXLVI4&marketplace=FLIPKART&q=laptops&store=6bo%2Fb5g&srno=s_1_13&otracker=search&otracker1=search&fm=Search&iid=14482f62-dfd0-42bb-bf43-1aa9aadd4e90.COMGT82XZER6UDGH.SEARCH&ppt=sp&ppn=sp&qH=c06ea84a1e3dc3c6,ThinkBook 15 G4,Yes,Windows 11 Home,Intel Core i7,Intel,16 GB,15.6 Inch,512 GB,https://rukminim2.flixcart.com/image/312/312/xif0q/computer/1/w/5/-original-imagrjfhefuhkppa.jpeg?q=70,Lenovo Intel Core i7 12th Gen 1255U - (16 GB/512 GB SSD/Windows 11 Home),No,1 Year Onsite Premium Support,1.70 Kg,1.51 KG TO 1.80 KG ,1,1,1,-57990,57990,31
High to Low,Low to High,FALSE,Infinix,"Full HD, IPS Display (400nits peak brightness, 100% sRGB, NTSC 72%)",Yes,No,N/A,(13th Gen),13th Gen,Intel Integrated 96EU Iris Xe,,Intel,https://www.flipkart.com/infinix-zerobook-13-intel-core-i7-13th-gen-13700h-16-gb-512-gb-ssd-windows-11-home-zl513-thin-light-laptop/p/itm2a5bbdabca4a6?pid=COMGRFPGDHCJWAMX&lid=LSTCOMGRFPGDHCJWAMXVUROLP&marketplace=FLIPKART&q=laptops&store=6bo%2Fb5g&srno=s_1_16&otracker=search&otracker1=search&fm=Search&iid=14482f62-dfd0-42bb-bf43-1aa9aadd4e90.COMGRFPGDHCJWAMX.SEARCH&ppt=sp&ppn=sp&qH=c06ea84a1e3dc3c6,ZL513,Yes,Windows 11 Home,Intel Core i7,Intel,16 GB,15.6 Inch,512 GB,https://rukminim2.flixcart.com/image/312/312/xif0q/computer/7/d/i/zl12-business-laptop-infinix-original-imagm83gc6xr8sau.jpeg?q=70,Infinix ZEROBOOK 13 Intel Intel Core i7 13th Gen 13700H,No,1 Year Onsite Warranty,1.80 Kg,1.51 KG TO 1.80 KG ,1,1,1,-59990,59990,32
High to Low,Low to High,FALSE,Infinix,"Full HD IPS Display (300nits peak brightness, 100% sRGB, NTSC 72%)",No,No,128 MB,(10th Gen),10th Gen,Intel Integrated UHD,128 MB,Intel,https://www.flipkart.com/infinix-intel-core-i7-10th-gen-1065g7-8-gb-512-gb-ssd-windows-11-home-128-mb-graphics-xl21-thin-light-laptop/p/itm55f5f128bbfdf?pid=COMGQHVMZYZ3TFNS&lid=LSTCOMGQHVMZYZ3TFNSJ4AMYR&marketplace=FLIPKART&q=laptops&store=6bo%2Fb5g&srno=s_1_17&otracker=search&otracker1=search&fm=Search&iid=14482f62-dfd0-42bb-bf43-1aa9aadd4e90.COMGQHVMZYZ3TFNS.SEARCH&ppt=sp&ppn=sp&qH=c06ea84a1e3dc3c6,XL21,No,Windows 11 Home,Intel Core i7,Intel,8 GB,14 Inch,512 GB,https://rukminim2.flixcart.com/image/312/312/xif0q/computer/3/t/q/xl21-thin-and-light-laptop-infinix-original-imagz4fhvtw5qq4y.jpeg?q=70,Infinix XL21 Thin and Light Laptop,No,1 Year Onsite Warranty,1.28 Kg,1.21 KG TO 1.50 KG,1,1,1,-39990,39990,33
High to Low,Low to High,FALSE,Infinix,"Full HD, IPS Display (300nits peak brightness, 100% sRGB, NTSC 72%)",No,No,N/A,(11th Gen),11th Gen,Intel Integrated Iris Xe,,Intel,https://www.flipkart.com/infinix-intel-core-i7-11th-gen-1195g7-16-gb-1-tb-ssd-windows-11-home-inbook-x2-plus-thin-light-laptop/p/itmca865f37ac703?pid=COMGNYAUPNT7ASTU&lid=LSTCOMGNYAUPNT7ASTU90X7IA&marketplace=FLIPKART&q=laptops&store=6bo%2Fb5g&srno=s_1_18&otracker=search&otracker1=search&fm=Search&iid=14482f62-dfd0-42bb-bf43-1aa9aadd4e90.COMGNYAUPNT7ASTU.SEARCH&ppt=sp&ppn=sp&qH=c06ea84a1e3dc3c6,INBook X2 Plus Core i7,Yes,Windows 11 Home,Intel Core i7,Intel,16 GB,15.6 inch,1 TB,https://rukminim2.flixcart.com/image/312/312/xif0q/computer/l/t/v/-original-imagrru8y2zatuzh.jpeg?q=70,Infinix INBook X2 Plus Core i7 Thin and Light Laptop,No,1 Year Onsite Warranty,1.58 Kg,1.51 KG TO 1.80 KG ,1,1,1,-45990,45990,34
High to Low,Low to High,FALSE,MSI,"Full HD, 60Hz 45%NTSC IPS-Level",No,No,N/A,(12th Gen),12th Gen,Intel Integrated Iris Xe,,Intel,https://www.flipkart.com/msi-modern-14-intel-core-i7-12th-gen-1255u-16-gb-512-gb-ssd-windows-11-home-c12m-459-thin-light-laptop/p/itmdc0c6eed9d37b?pid=COMGZ4W6QNHQSTYS&lid=LSTCOMGZ4W6QNHQSTYSI2XLWZ&marketplace=FLIPKART&q=laptops&store=6bo%2Fb5g&srno=s_1_19&otracker=search&otracker1=search&fm=Search&iid=14482f62-dfd0-42bb-bf43-1aa9aadd4e90.COMGZ4W6QNHQSTYS.SEARCH&ppt=sp&ppn=sp&qH=c06ea84a1e3dc3c6,Modern 14 C12M-459,No,Windows 11 Home,Intel Core i7,Intel,16 GB,14 Inch,512 GB,https://rukminim2.flixcart.com/image/312/312/xif0q/computer/v/v/y/modern-14-c12m-459in-thin-and-light-laptop-msi-original-imagz4w6whjkzhat.jpeg?q=70,MSI Modern 14 C12M-459 Thin and Light Laptop,No,1 Year Carry-in Warranty,1.4 Kg,1.21 KG TO 1.50 KG,1,1,1,-52990,52990,35
High to Low,Low to High,FALSE,Acer,Full HD,No,No,N/A,(11th Gen),11th Gen,Intel Integrated Iris Xe,,Intel,https://www.flipkart.com/acer-aspire-lite-intel-core-i7-11th-gen-1165g7-16-gb-512-gb-ssd-windows-11-home-al15-51-thin-light-laptop/p/itme235c9041bd29?pid=COMGXPH65WZ53N2D&lid=LSTCOMGXPH65WZ53N2DHSNF0G&marketplace=FLIPKART&q=laptops&store=6bo%2Fb5g&srno=s_1_20&otracker=search&otracker1=search&fm=Search&iid=14482f62-dfd0-42bb-bf43-1aa9aadd4e90.COMGXPH65WZ53N2D.SEARCH&ppt=sp&ppn=sp&qH=c06ea84a1e3dc3c6,AL15-51,Yes,Windows 11 Home,Intel Core i7,Intel,16 GB,15.6 inch,512 GB,https://rukminim2.flixcart.com/image/312/312/xif0q/computer/7/n/r/al15-51-thin-and-light-laptop-acer-original-imagrtakqhprf7eu.jpeg?q=70,Acer Aspire Lite AL15-51 Thin and Light Laptop,No,1 Year Onsite Warranty,1.59 Kg,1.51 KG TO 1.80 KG ,1,1,1,-50499,50499,36
High to Low,Low to High,FALSE,Zebronics,"Full HD, IPS Screen",No,No,N/A,(12th Gen),12th Gen,Intel Integrated UHD,,Intel,https://www.flipkart.com/zebronics-pro-series-z-intel-core-i7-12th-gen-1255u-16-gb-512-gb-ssd-windows-11-home-zeb-nbc-5s-thin-light-laptop/p/itm433ab8d6c9c36?pid=COMGSZ8NZUUBUQFN&lid=LSTCOMGSZ8NZUUBUQFNXXFWXM&marketplace=FLIPKART&q=laptops&store=6bo%2Fb5g&srno=s_1_21&otracker=search&otracker1=search&fm=Search&iid=14482f62-dfd0-42bb-bf43-1aa9aadd4e90.COMGSZ8NZUUBUQFN.SEARCH&ppt=sp&ppn=sp&qH=c06ea84a1e3dc3c6,ZEB-NBC 5S,Yes,Windows 11 Home,Intel Core i7,Intel,16 GB,15.6 inch,512 GB,https://rukminim2.flixcart.com/image/312/312/xif0q/computer/7/n/r/al15-51-thin-and-light-laptop-acer-original-imagrtakqhprf7eu.jpeg?q=70,ZEBRONICS Pro Series ZEB-NBC 5S Thin and Light Laptop,No,1 Year Carry-in Warranty,1.76 Kg,1.51 KG TO 1.80 KG ,1,1,1,-40990,40990,37
High to Low,Low to High,FALSE,Infinix,"Full HD, IPS Display (400nits peak brightness, 100% sRGB, NTSC 72%)",Yes,No,N/A,(13th Gen),13th Gen,Intel Integrated 96EU Iris Xe,,Intel,https://www.flipkart.com/infinix-zerobook-13-intel-core-i9-13th-gen-13900h-32-gb-1-tb-ssd-windows-11-home-zl513-thin-light-laptop/p/itm53866eeb21b65?pid=COMGRFPGYCKFSGZG&lid=LSTCOMGRFPGYCKFSGZGMBU4DX&marketplace=FLIPKART&q=laptops&store=6bo%2Fb5g&srno=s_1_22&otracker=search&otracker1=search&fm=Search&iid=14482f62-dfd0-42bb-bf43-1aa9aadd4e90.COMGRFPGYCKFSGZG.SEARCH&ppt=sp&ppn=sp&qH=c06ea84a1e3dc3c6,ZL513,Yes,Windows 11,Intel Core i7,Intel,32 GB,15.6 inch,1 TB,https://rukminim2.flixcart.com/image/312/312/xif0q/computer/7/d/i/zl12-business-laptop-infinix-original-imagm83gc6xr8sau.jpeg?q=70,Infinix ZEROBOOK 13 Intel Core i9 13th Gen 13900H - (32 GB/1 TB SSD/Windows 11 Home) ZL513 Thin and Light Laptop,No,1 Year Onsite Warranty,1.80 Kg,1.51 KG TO 1.80 KG ,1,1,1,-74990,74990,38
High to Low,Low to High,FALSE,Infinix,"Full HD IPS Display (300nits peak brightness, 100% sRGB, NTSC 72%)",No,No,N/A,(10th Gen),10th Gen,Intel Integrated UHD,,Intel,https://www.flipkart.com/infinix-intel-core-i7-10th-gen-1065g7-8-gb-512-gb-ssd-windows-11-home-128-mb-graphics-xl21-thin-light-laptop/p/itm92c8e3e8218a0?pid=COMGQHVMJGQYHTUQ&lid=LSTCOMGQHVMJGQYHTUQGXSADC&marketplace=FLIPKART&q=laptops&store=6bo%2Fb5g&srno=s_1_23&otracker=search&otracker1=search&fm=Search&iid=14482f62-dfd0-42bb-bf43-1aa9aadd4e90.COMGQHVMJGQYHTUQ.SEARCH&ppt=sp&ppn=sp&qH=c06ea84a1e3dc3c6,XL21,No,Windows 11,Intel Core i7,Intel,8 GB,14 Inch,512 GB,https://rukminim2.flixcart.com/image/312/312/xif0q/computer/e/9/0/xl21-thin-and-light-laptop-infinix-original-imagz4fnzhytguse.jpeg?q=70,Infinix Intel Core i7 10th Gen 1065G7,No,1 Year Onsite Warranty,1.28 Kg,1.21 KG TO 1.50 KG,1,1,1,-39990,39990,39
High to Low,Low to High,FALSE,MSI,"Full HD, 60Hz 45%NTSC IPS-Level",No,No,N/A,(12th Gen),12th Gen,Intel Integrated Iris Xe,,Intel,https://www.flipkart.com/msi-modern-14-intel-core-i7-12th-gen-1255u-8-gb-512-gb-ssd-windows-11-home-c12m-670in-thin-light-laptop/p/itm8820edd8b6c55?pid=COMGPXFYSYRWSECV&lid=LSTCOMGPXFYSYRWSECV3FT3CZ&marketplace=FLIPKART&q=laptops&store=6bo%2Fb5g&srno=s_2_25&otracker=search&otracker1=search&fm=Search&iid=343dc141-0157-4904-b72d-bd4402a502fa.COMGPXFYSYRWSECV.SEARCH&ppt=sp&ppn=sp&qH=c06ea84a1e3dc3c6,Modern 14 C12M-670IN,No,Windows 11,Intel Core i7,Intel,8 GB,14 Inch,512 GB,https://rukminim2.flixcart.com/image/312/312/xif0q/computer/y/4/l/-original-imagvyw9gdshzsqq.jpeg?q=70,MSI Modern 14 Intel Core i7 12th Gen 1255U,No,1 Year Carry-in Warranty,1.4 Kg,1.21 KG TO 1.50 KG,1,1,1,-60990,60990,40
High to Low,Low to High,FALSE,HP,1920x1080 pixel,No,No,N/A,(12th Gen),12th Gen,Intel Integrated Iris Xe Graphics,,Intel,https://www.flipkart.com/hp-laptop-15s-intel-core-i7-12th-gen-1255u-16-gb-512-gb-ssd-windows-11-home-15s-fq5190tu-thin-light/p/itm7277b17e29608?pid=COMGWGSGRYDAMZ36&lid=LSTCOMGWGSGRYDAMZ36XWIDCT&marketplace=FLIPKART&q=laptops&store=6bo%2Fb5g&srno=s_2_26&otracker=search&otracker1=search&fm=Search&iid=343dc141-0157-4904-b72d-bd4402a502fa.COMGWGSGRYDAMZ36.SEARCH&ppt=sp&ppn=sp&qH=c06ea84a1e3dc3c6,15s-fq5190tu,Yes,Windows 11,Intel Core i7,Intel,16 GB,15.6 inch,512 GB,https://rukminim2.flixcart.com/image/312/312/xif0q/computer/c/7/v/notebook-thin-and-light-laptop-hp-original-imagwgsgqee2gzyh.jpeg?q=70,HP Laptop 15s Intel Core i7 12th Gen 1255U,No,1 Year Onsite Warranty,N/A,N/A,1,1,1,-66999,66999,41
High to Low,Low to High,FALSE,MSI,"Full HD, 60Hz IPS-Level",Yes,No,N/A,(13th Gen),13th Gen,Intel Integrated Iris Xe,,Intel,https://www.flipkart.com/msi-modern-15-intel-core-i7-13th-gen-1355u-8-gb-512-gb-ssd-windows-11-home-b13m-290in-thin-light-laptop/p/itm0f94783eefc47?pid=COMGMV6VU38G9B7K&lid=LSTCOMGMV6VU38G9B7KCMW0HD&marketplace=FLIPKART&q=laptops&store=6bo%2Fb5g&srno=s_2_29&otracker=search&otracker1=search&fm=Search&iid=343dc141-0157-4904-b72d-bd4402a502fa.COMGMV6VU38G9B7K.SEARCH&ppt=sp&ppn=sp&qH=c06ea84a1e3dc3c6,B13M-290IN,Yes,Windows 11 Home,Intel Core i7,Intel,8 GB,15.6 Inch,512 GB,https://rukminim2.flixcart.com/image/312/312/xif0q/computer/n/0/2/-original-imagsgd3tdzfrgdt.jpeg?q=70,MSI Modern 15 Intel Core i7 13th Gen 1355U,No,1 Year Carry-in Warranty,1.7 Kg,1.51 KG TO 1.80 KG ,1,1,1,-64990,64990,42
High to Low,Low to High,FALSE,Infinix,Full HD IPS Display,Yes,No,N/A,(10th Gen),10th Gen,Intel Integrated Iris Plus,,Intel,https://www.flipkart.com/infinix-inbook-x1-pro-intel-core-i7-10th-gen-1065g7-16-gb-512-gb-ssd-windows-11-home-xl12-thin-light-laptop/p/itm39c243900b07e?pid=COMG8Z3HXGFM7ZXZ&lid=LSTCOMG8Z3HXGFM7ZXZKG7TQ6&marketplace=FLIPKART&q=laptops&store=6bo%2Fb5g&srno=s_2_30&otracker=search&otracker1=search&fm=Search&iid=343dc141-0157-4904-b72d-bd4402a502fa.COMG8Z3HXGFM7ZXZ.SEARCH&ppt=sp&ppn=sp&qH=c06ea84a1e3dc3c6,XL12,No,Windows 11 Home,Intel Core i7,Intel,16 GB,14 Inch,512 GB,https://rukminim2.flixcart.com/image/312/312/kw104nk0/computer/r/c/6/inbook-x1-pro-thin-and-light-laptop-infinix-original-imag8shwc4mzhyks.jpeg?q=70,Infinix INBook X1 Pro Intel Core i7 10th Gen 1065G7,No,1 year Onsite Warranty,1.48 Kg,1.21 KG TO 1.50 KG,1,1,1,-43990,43990,43
High to Low,Low to High,FALSE,Wings,IPS LCD DISPLAY,No,No,N/A,(11th Gen),11th Gen,Intel Integrated Iris Plus,,Intel,https://www.flipkart.com/wings-nuvobook-pro-aluminium-alloy-metal-body-intel-core-i7-11th-gen-1165g7-16-gb-512-gb-ssd-windows-11-home-wl-nuvobook-pro-gry-thin-light-laptop/p/itm42523abf83ab7?pid=COMGQHYFAHNUVFY9&lid=LSTCOMGQHYFAHNUVFY9HTHRNO&marketplace=FLIPKART&q=laptops&store=6bo%2Fb5g&srno=s_2_31&otracker=search&otracker1=search&fm=Search&iid=343dc141-0157-4904-b72d-bd4402a502fa.COMGQHYFAHNUVFY9.SEARCH&ppt=sp&ppn=sp&qH=c06ea84a1e3dc3c6,WL-Nuvobook Pro-GRY,No,Windows 11 Home,Intel Core i7,Intel,16 GB,14 Inch,512 GB,https://rukminim2.flixcart.com/image/312/312/xif0q/computer/m/b/o/-original-imagtq48z3hb9a4s.jpeg?q=70,Wings Nuvobook Pro Aluminium Alloy Metal Intel Core i7 11th Gen 1165G7,No,1 Year Onsite Warranty,1.48 Kg,1.21 KG TO 1.50 KG,1,1,1,-59990,59990,44
High to Low,Low to High,FALSE,ASUS,FHD+ (1920 x 1200),Yes,No,N/A,,,AMD Radeon AMD,,AMD,https://www.flipkart.com/asus-vivobook-s-14-flip-2023-amd-ryzen-5-hexa-core-7530u-16-gb-512-gb-ssd-windows-11-home-tn3402yab-lz541ws-2-1-laptop/p/itm854dc9be47ce0?pid=COMGMGXFAD7GC2HG&lid=LSTCOMGMGXFAD7GC2HG2EPZVK&marketplace=FLIPKART&q=laptops&store=6bo%2Fb5g&srno=s_1_3&otracker=search&otracker1=search&fm=Search&iid=db528623-8a99-4681-93b3-5e5e0a99f305.COMGMGXFAD7GC2HG.SEARCH&ppt=sp&ppn=sp&qH=c06ea84a1e3dc3c6,TN3402YAB-LZ541WS,No,Windows 11 Home,AMD Ryzen 5 Hexa Core,AMD,16 GB,14 Inch,512 GB,https://rukminim2.flixcart.com/image/312/312/xif0q/computer/x/t/d/-original-imagnrhvuz6aab3h.jpeg?q=70,ASUS Vivobook S 14 Flip (2023) 2 in 1 Laptop (Quiet Blue),Yes,1 Year Onsite Warranty,1.50 Kg,1.21 KG TO 1.50 KG,1,1,1,-58990,58990,45
High to Low,Low to High,FALSE,ASUS,"FHD (1920 x 1080) 16:9 aspect ratio, LED Backlit LCD, Anti-glare display, 250nits Brightness, TUV Rheinland-certified, 84 % Screen-to-body ratio",No,No,N/A,,,AMD Radeon AMD,,AMD,https://www.flipkart.com/asus-vivobook-go-15-2023-amd-ryzen-5-quad-core-7520u-8-gb-512-gb-ssd-windows-11-home-e1504fa-nj521ws-thin-light-laptop/p/itm454b1b37dbe89?pid=COMGNRNUKRMMXNZQ&lid=LSTCOMGNRNUKRMMXNZQPQADWR&marketplace=FLIPKART&q=laptops&store=6bo%2Fb5g&srno=s_1_5&otracker=search&otracker1=search&fm=Search&iid=db528623-8a99-4681-93b3-5e5e0a99f305.COMGNRNUKRMMXNZQ.SEARCH&ppt=sp&ppn=sp&qH=c06ea84a1e3dc3c6,E1504FA-NJ521WS,Yes,Windows 11 Home,AMD Ryzen 5 Quad Core,AMD,8 GB,15.6 Inch,512 GB,https://rukminim2.flixcart.com/image/312/312/xif0q/computer/u/h/s/-original-imagpxgqj6x2zkhe.jpeg?q=70,ASUS Vivobook Go 15 (2023) Thin and Light Laptop,No,1 Year Onsite Warranty,1.63 Kg,1.51 KG TO 1.80 KG ,1,1,1,-39990,39990,46
High to Low,Low to High,FALSE,Lenovo,WUXGA IPS Anti-glare Display,Yes,No,N/A,,,AMD Radeon AMD,,AMD,https://www.flipkart.com/lenovo-thinkpad-e14-amd-ryzen-5-hexa-core-7530u-16-gb-512-gb-ssd-windows-11-home-tp-gen-thin-light-laptop/p/itm2fd15091cea4c?pid=COMGQRD7JGPZMFMD&lid=LSTCOMGQRD7JGPZMFMDYBXTHU&marketplace=FLIPKART&q=laptops&store=6bo%2Fb5g&srno=s_1_7&otracker=search&otracker1=search&fm=Search&iid=db528623-8a99-4681-93b3-5e5e0a99f305.COMGQRD7JGPZMFMD.SEARCH&ppt=sp&ppn=sp&qH=c06ea84a1e3dc3c6,TP E14 Gen 5,No,Windows 11 Home,AMD Ryzen 5 Hexa Core,AMD,16 GB,14 Inch,512 GB,https://rukminim2.flixcart.com/image/312/312/xif0q/computer/w/v/d/tp-e14-gen-5-thin-and-light-laptop-lenovo-original-imags8wwkum3gzbz.jpeg?q=70,Lenovo ThinkPad E14 Gen 5 Thin and Light Laptop,No,1 Year Onsite Warranty,1.41 Kg,1.21 KG TO 1.50 KG,1,1,1,-51990,51990,47
High to Low,Low to High,FALSE,Acer,Full HD,No,No,N/A,,,AMD Radeon AMD,,AMD,https://www.flipkart.com/acer-extensa-2023-amd-ryzen-5-quad-core-7520u-8-gb-512-gb-ssd-windows-11-home-ex215-23-thin-light-laptop/p/itm5b3f9da689dfd?pid=COMGMXKHFPASREJG&lid=LSTCOMGMXKHFPASREJG9CMDRC&marketplace=FLIPKART&q=laptops&store=6bo%2Fb5g&srno=s_1_8&otracker=search&otracker1=search&fm=Search&iid=db528623-8a99-4681-93b3-5e5e0a99f305.COMGMXKHFPASREJG.SEARCH&ppt=sp&ppn=sp&qH=c06ea84a1e3dc3c6,EX215-23,Yes,Windows 11 Home,AMD Ryzen 5 Quad Core,AMD,8 GB,15.6 Inch,512 GB,https://rukminim2.flixcart.com/image/312/312/xif0q/computer/y/l/p/-original-imagqmqjv5cyvbup.jpeg?q=70,Acer Extensa (2023) Thin and Light Laptop,No,1 Year International Travelers Warranty,1.78 Kg,1.51 KG TO 1.80 KG ,1,1,1,-33990,33990,48
High to Low,Low to High,FALSE,Acer,Full HD,No,No,N/A,,,AMD Radeon AMD,,AMD,https://www.flipkart.com/acer-aspire-lite-amd-ryzen-5-hexa-core-5500u-16-gb-1-tb-ssd-windows-11-home-al15-41-thin-light-laptop/p/itm0d5eddf7d0d52?pid=COMGU2D9ZAXCAHBU&lid=LSTCOMGU2D9ZAXCAHBU9NMK1M&marketplace=FLIPKART&q=laptops&store=6bo%2Fb5g&srno=s_1_9&otracker=search&otracker1=search&fm=Search&iid=db528623-8a99-4681-93b3-5e5e0a99f305.COMGU2D9ZAXCAHBU.SEARCH&ppt=sp&ppn=sp&qH=c06ea84a1e3dc3c6,AL15-41,Yes,Windows 11 Home,AMD Ryzen 5 Hexa Core,AMD,16 GB,15.6 Inch,1 TB,https://rukminim2.flixcart.com/image/312/312/xif0q/computer/s/t/w/-original-imagvkpfeggfh9gg.jpeg?q=70,"Acer Aspire Lite AMD Ryzen 5 Hexa Core 5500U  AL15-41 Thin and Light Laptop (15.6 Inch, Steel Grey, 1.59 Kg)",No,1 Year Onsite Warranty,1.59 Kg,1.51 KG TO 1.80 KG ,1,1,1,-39790,39790,49
High to Low,Low to High,FALSE,MSI,"Full HD, 60Hz 45%NTSC IPS-Level",No,No,N/A,,,AMD Radeon AMD,,AMD,https://www.flipkart.com/msi-modern-14-amd-ryzen-5-hexa-core-7530u-16-gb-512-gb-ssd-windows-11-home-c7m-062in-thin-light-laptop/p/itm491f6c86ff75c?pid=COMGMV6VNCJ7TTYV&lid=LSTCOMGMV6VNCJ7TTYVJYI44H&marketplace=FLIPKART&q=laptops&store=6bo%2Fb5g&srno=s_1_11&otracker=search&otracker1=search&fm=Search&iid=db528623-8a99-4681-93b3-5e5e0a99f305.COMGMV6VNCJ7TTYV.SEARCH&ppt=sp&ppn=sp&qH=c06ea84a1e3dc3c6,Modern 14 C7M-062IN,No,Windows 11 Home,AMD Ryzen 5 Hexa Core,AMD,16 GB,14 Inch,512 GB,https://rukminim2.flixcart.com/image/312/312/xif0q/computer/q/8/a/-original-imagvyw9hgt3mdqa.jpeg?q=70,MSI Modern 14 AMD Ryzen 5 Hexa Core 7530U,No,1 Year Carry-in Warranty,1.4 Kg,1.21 KG TO 1.50 KG,1,1,1,-37990,37990,50
High to Low,Low to High,FALSE,HP,"Full HD, micro-edge, anti-glare, Brightness: 250 nits, 141 ppi, Color Gamut: 45%NTSC",No,No,N/A,,,AMD Radeon AMD,,AMD,https://www.flipkart.com/hp-amd-ryzen-5-hexa-core-5500u-8-gb-512-gb-ssd-windows-11-home-15s-eq2144au-thin-light-laptop/p/itmd57b41ed8750a?pid=COMGBH9JDPVGD8BH&lid=LSTCOMGBH9JDPVGD8BHIZPQIL&marketplace=FLIPKART&q=laptops&store=6bo%2Fb5g&srno=s_1_12&otracker=search&otracker1=search&fm=Search&iid=db528623-8a99-4681-93b3-5e5e0a99f305.COMGBH9JDPVGD8BH.SEARCH&ppt=sp&ppn=sp&qH=c06ea84a1e3dc3c6,15s- eq2144au,Yes,Windows 11 Home,AMD Ryzen 5 Hexa Core,AMD,8 GB,15.6 Inch,512 GB,https://rukminim2.flixcart.com/image/312/312/xif0q/computer/j/s/m/-original-imagykgpjswsfggf.jpeg?q=70,HP AMD Ryzen 5 Hexa Core 5500U,No,1 Year Onsite Warranty,1.69 Kg,1.51 KG TO 1.80 KG ,1,1,1,-38350,38350,51
High to Low,Low to High,FALSE,Lenovo,"15.6 Inch Full HD, IPS 250nits Anti-glare, 45% NTSC, 120Hz, FreeSync",No,Yes,4 GB,,,NVIDIA GeForce RTX 3050,4 GB,NVIDIA,https://www.flipkart.com/lenovo-ideapad-gaming-3-amd-ryzen-7-octa-core-6800h-16-gb-512-gb-ssd-windows-11-home-4-graphics-nvidia-geforce-rtx-3050-15arh7-laptop/p/itm144cb7041cc42?pid=COMGVQ2YEE7ZFBSW&lid=LSTCOMGVQ2YEE7ZFBSW0LABOH&marketplace=FLIPKART&q=laptops&store=6bo%2Fb5g&srno=s_1_13&otracker=search&otracker1=search&fm=Search&iid=db528623-8a99-4681-93b3-5e5e0a99f305.COMGVQ2YEE7ZFBSW.SEARCH&ppt=sp&ppn=sp&qH=c06ea84a1e3dc3c6,15ARH7,Yes,Windows 11 Home,AMD Ryzen 7 Octa Core,AMD,16 GB,15.6 Inch,512 GB,https://rukminim2.flixcart.com/image/312/312/xif0q/computer/i/1/s/-original-imagzzebftghhzr4.jpeg?q=70,Lenovo IdeaPad Gaming 3 AMD Ryzen 7 Octa Core 6800H,No,1 Year Carry-in Warranty,2.32 Kg,2.11 KG & Above,1,1,1,-65990,65990,52
High to Low,Low to High,FALSE,HP,"15.6 Inch FHD, micro-edge, anti-glare, (Brightness 250 nits, 141 ppi, Color Gamut 45%NTSC)",No,No,N/A,,,AMD Radeon Radeon Graphics,,AMD,https://www.flipkart.com/hp-amd-ryzen-5-hexa-core-5500u-16-gb-512-gb-ssd-windows-11-home-15s-eq2182au-thin-light-laptop/p/itm2f070129053ed?pid=COMGFRHGDB9G3Z9C&lid=LSTCOMGFRHGDB9G3Z9CBGKRA6&marketplace=FLIPKART&q=laptops&store=6bo%2Fb5g&srno=s_1_15&otracker=search&otracker1=search&fm=Search&iid=db528623-8a99-4681-93b3-5e5e0a99f305.COMGFRHGDB9G3Z9C.SEARCH&ppt=sp&ppn=sp&qH=c06ea84a1e3dc3c6,15s-,Yes,Windows 11 Home,AMD Ryzen 5 Hexa Core,AMD,16 GB,15.6 Inch,512 GB,https://rukminim2.flixcart.com/image/312/312/xif0q/computer/j/t/k/-original-imagykgphhgwwbhm.jpeg?q=70,HP AMD Ryzen 5 Hexa Core 5500U - (16 GB/512 GB SSD/Windows 11 Home) 15s- eq2182AU Thin and Light Laptop,No,1 Year Onsite Warranty,1.69 Kg,1.51 KG TO 1.80 KG ,1,1,1,-45490,45490,53
High to Low,Low to High,FALSE,ASUS,"15.6 Inch Full HD OLED 16:9 aspect ratio, 60Hz refresh rate",Yes,Yes,4 GB,,,NVIDIA GeForce RTX 2050,4 GB,NVIDIA,https://www.flipkart.com/asus-vivobook-pro-15-oled-creator-amd-ryzen-7-octa-core-5800hs-16-gb-512-gb-ssd-windows-11-home-4-graphics-nvidia-geforce-rtx-2050-m6500qfb-lk742ws-gaming-laptop/p/itme4851d65d36e9?pid=COMGQ9HG2J4XFGTZ&lid=LSTCOMGQ9HG2J4XFGTZYMXTZA&marketplace=FLIPKART&q=laptops&store=6bo%2Fb5g&srno=s_1_16&otracker=search&otracker1=search&fm=Search&iid=db528623-8a99-4681-93b3-5e5e0a99f305.COMGQ9HG2J4XFGTZ.SEARCH&ppt=sp&ppn=sp&qH=c06ea84a1e3dc3c6,M6500QFB,Yes,Windows 11 Home,AMD Ryzen 7 Octa Core,AMD,16 GB,15.6 Inch,512 GB,https://rukminim2.flixcart.com/image/312/312/xif0q/computer/n/f/j/-original-imagsz6y7hycvhxy.jpeg?q=70,ASUS Vivobook Pro 15 OLED For Creator AMD Ryzen 7 Octa Core 5800HS,No,1 Year Onsite Warranty,1.80 Kg,1.51 KG TO 1.80 KG ,1,1,1,-62990,62990,54
High to Low,Low to High,FALSE,ASUS,"14 Inch 2.8K (2880 x 1800) OLED 16:10 aspect ratio, Glossy display, 90Hz refresh rate, 0.2ms response time, 600nits HDR peak Brightness, 100% DCI-P3 color gamut, VESA CERTIFIED Display HDR True Black 600, 1.07 billion Color depth, PANTONE Validated, 70% less harmful blue light",Yes,No,N/A,,,AMD Radeon AMD,,AMD,https://www.flipkart.com/asus-zenbook-14-oled-2023-amd-ryzen-5-hexa-core-7530u-16-gb-512-gb-ssd-windows-11-home-um3402ya-km541ws-thin-light-laptop/p/itmde571f9affd92?pid=COMGMGXF2U4ZJXVS&lid=LSTCOMGMGXF2U4ZJXVST64SLK&marketplace=FLIPKART&q=laptops&store=6bo%2Fb5g&srno=s_1_17&otracker=search&otracker1=search&fm=Search&iid=db528623-8a99-4681-93b3-5e5e0a99f305.COMGMGXF2U4ZJXVS.SEARCH&ppt=sp&ppn=sp&qH=c06ea84a1e3dc3c6,UM3402YA-KM541WS,No,Windows 11 Home,AMD Ryzen 5 Hexa Core,AMD,16 GB,14 Inch,512 GB,https://rukminim2.flixcart.com/image/312/312/xif0q/computer/i/1/i/-original-imagpxgrz9wzqa9g.jpeg?q=70,ASUS Zenbook 14 OLED (2023) AMD Ryzen 5 Hexa Core 7530U,No,1 Year Onsite Warranty,1.39 Kg,1.21 KG TO 1.50 KG,1,1,1,-72990,72990,55
High to Low,Low to High,FALSE,Lenovo,15.6 inch Full HD,No,No,N/A,,,AMD Radeon AMD,,AMD,https://www.flipkart.com/lenovo-amd-ryzen-5-hexa-core-5500u-8-gb-512-gb-ssd-windows-11-home-v15-thin-light-laptop/p/itm59d4fc8c97b34?pid=COMGNVAVA2HVZZEZ&lid=LSTCOMGNVAVA2HVZZEZ0AHMTL&marketplace=FLIPKART&q=laptops&store=6bo%2Fb5g&srno=s_1_18&otracker=search&otracker1=search&fm=Search&iid=db528623-8a99-4681-93b3-5e5e0a99f305.COMGNVAVA2HVZZEZ.SEARCH&ppt=sp&ppn=sp&qH=c06ea84a1e3dc3c6,V15,Yes,Windows 11 Home,AMD Ryzen 5 Hexa Core,AMD,8 GB,15.6 Inch,512 GB,https://rukminim2.flixcart.com/image/312/312/xif0q/computer/m/e/i/v15-laptop-lenovo-original-imaghvguhkzhedwq.jpeg?q=70,Lenovo AMD Ryzen 5 Hexa Core 5500U,No,1 Year Onsite Warranty,1.7 kg,1.51 KG TO 1.80 KG ,1,1,1,-33941,33941,56
High to Low,Low to High,FALSE,Lenovo,"39.62 cm Full HD TN 250nits Anti-glare, 45%",No,No,N/A,,,AMD Radeon AMD,,AMD,https://www.flipkart.com/lenovo-ideapad-slim1-amd-ryzen-5-hexa-core-5500u-8-gb-512-gb-ssd-windows-11-home-15acl6-15acl7-thin-light-laptop/p/itm2e4ec8e868eb7?pid=COMG9VHHF6HVJPP9&lid=LSTCOMG9VHHF6HVJPP9U213LU&marketplace=FLIPKART&q=laptops&store=6bo%2Fb5g&srno=s_1_19&otracker=search&otracker1=search&fm=Search&iid=db528623-8a99-4681-93b3-5e5e0a99f305.COMG9VHHF6HVJPP9.SEARCH&ppt=sp&ppn=sp&qH=c06ea84a1e3dc3c6,15ACL6,Yes,Windows 11 Home,AMD Ryzen 5 Hexa Core,AMD,8 GB,15.6 Inch,512 GB,https://rukminim2.flixcart.com/image/312/312/xif0q/computer/7/3/c/-original-imagtzwvygkwvbex.jpeg?q=70,Lenovo IdeaPad Slim1 AMD Ryzen 5 Hexa Core 5500U - (8 GB/512 GB SSD/Windows 11 Home) 15ACL6,No,1 Year Onsite ODP,1.65 kg,1.51 KG TO 1.80 KG ,1,1,1,-35990,35990,57
High to Low,Low to High,FALSE,HP,"15.6 Inch Full HD, 144 Hz, 9 ms response time, IPS, micro-edge, anti-glare, Brightness: 250 nits, 141 ppi, Color Gamut: 45% NTSC",Yes,Yes,4 GB,,,NVIDIA GeForce RTX 3050,4 GB,NVIDIA,https://www.flipkart.com/hp-victus-amd-ryzen-7-octa-core-5800h-16-gb-512-gb-ssd-windows-11-home-4-graphics-nvidia-geforce-rtx-3050-15-fb0053ax-gaming-laptop/p/itm34fbf5d1b3c47?pid=COMGGYEBNC6XDG4W&lid=LSTCOMGGYEBNC6XDG4WMLHOTM&marketplace=FLIPKART&q=laptops&store=6bo%2Fb5g&srno=s_1_20&otracker=search&otracker1=search&fm=Search&iid=db528623-8a99-4681-93b3-5e5e0a99f305.COMGGYEBNC6XDG4W.SEARCH&ppt=sp&ppn=sp&qH=c06ea84a1e3dc3c6,15-fb0053AX,Yes,Windows 11 Home,AMD Ryzen 7 Octa Core,AMD,16 GB,15.6 Inch,512 GB,https://rukminim2.flixcart.com/image/312/312/l5bd5zk0/computer/l/e/k/15-fb0040ax-gaming-laptop-hp-original-imaggyuezf9qtypd.jpeg?q=70,HP Victus AMD Ryzen 7 Octa Core 5800H,No,1 Year Onsite Warranty,2.37 Kg,2.11 KG & Above,1,1,1,-71490,71490,58
High to Low,Low to High,FALSE,ASUS,"15.6 Inch FHD, 16:9 aspect ratio, 60Hz refresh rate, 250nits, 45% NTSC color gamut, Anti-glare display",No,No,N/A,,,AMD Radeon AMD,,AMD,https://www.flipkart.com/asus-vivobook-15-amd-ryzen-7-octa-core-5800hs-16-gb-512-gb-ssd-windows-11-home-m1502qa-ej742ws-thin-light-laptop/p/itmf83037b199f30?pid=COMGZKHQUQDBWXHT&lid=LSTCOMGZKHQUQDBWXHTTUWZUP&marketplace=FLIPKART&q=laptops&store=6bo%2Fb5g&srno=s_1_21&otracker=search&otracker1=search&fm=Search&iid=db528623-8a99-4681-93b3-5e5e0a99f305.COMGZKHQUQDBWXHT.SEARCH&ppt=sp&ppn=sp&qH=c06ea84a1e3dc3c6,M1502QA-EJ742WS,Yes,Windows 11 Home,AMD Ryzen 7 Octa Core,AMD,16 GB,15.6 Inch,512 GB,https://rukminim2.flixcart.com/image/312/312/xif0q/computer/j/g/h/-original-imagtvq8wxhausyq.jpeg?q=70,ASUS Vivobook 15 AMD Ryzen 7 Octa Core 5800HS,No,1 Year Onsite Warranty,1.70 kg,1.51 KG TO 1.80 KG ,1,1,1,-49990,49990,59
High to Low,Low to High,FALSE,ASUS,"14 inch FHD+ (1920 x 1200, WUXGA) 16:10 aspect ratio, Touch screen, LED Backlit LCD, IPS-level Panel, Glossy display, 300nits Brightness, TUV Rheinland-certified, 85?% Screen-to-body ratio",Yes,No,N/A,,,AMD Radeon AMD,,AMD,https://www.flipkart.com/asus-vivobook-s-14-flip-2022-amd-ryzen-5-hexa-core-5600hs-8-gb-512-gb-ssd-windows-11-home-tn3402qa-lz520ws-2-1-laptop/p/itm6588ce712501d?pid=COMGNY4VHFKQHXKP&lid=LSTCOMGNY4VHFKQHXKP6WUHLG&marketplace=FLIPKART&q=laptops&store=6bo%2Fb5g&srno=s_1_22&otracker=search&otracker1=search&fm=Search&iid=db528623-8a99-4681-93b3-5e5e0a99f305.COMGNY4VHFKQHXKP.SEARCH&ppt=sp&ppn=sp&qH=c06ea84a1e3dc3c6,TN3402QA-LZ520WS,No,Windows 11 Home,AMD Ryzen 5 Hexa Core,AMD,8 GB,14 inch,512 GB,https://rukminim2.flixcart.com/image/312/312/xif0q/computer/j/6/p/-original-imagqdubhwatqz9t.jpeg?q=70,ASUS Vivobook S 14 Flip (2022) AMD Ryzen 5 Hexa Core 5600HS,Yes,1 Year Onsite Warranty,1.50 kg,1.21 KG TO 1.50 KG,1,1,1,-52990,52990,60
High to Low,Low to High,FALSE,HP,"15.6 inch Full HD, micro-edge, Anti Glare, Brightness: 250 nits, 141 ppi, Color Gamut: 45%NTSC",No,No,N/A,,,AMD Radeon AMD,,AMD,https://www.flipkart.com/hp-pavilion-amd-ryzen-5-hexa-core-5625u-8-gb-512-gb-ssd-windows-11-home-15-eh2050au-thin-light-laptop/p/itmeec4b6b2d63e9?pid=COMGSB2RHPFEZHG7&lid=LSTCOMGSB2RHPFEZHG7ISMG7E&marketplace=FLIPKART&q=laptops&store=6bo%2Fb5g&srno=s_1_23&otracker=search&otracker1=search&fm=Search&iid=db528623-8a99-4681-93b3-5e5e0a99f305.COMGSB2RHPFEZHG7.SEARCH&ppt=sp&ppn=sp&qH=c06ea84a1e3dc3c6,15-eh2050au,Yes,Windows 11 Home,AMD Ryzen 5 Hexa Core,AMD,8 GB,15.6 inch,512 GB,https://rukminim2.flixcart.com/image/312/312/xif0q/computer/n/9/8/-original-imagykgqphrzyy4j.jpeg?q=70,HP Pavilion AMD Ryzen 5 Hexa Core 5625U - (8 GB/512 GB SSD/Windows 11 Home) 15-eh2050au Thin and Light Laptop,No,1 Year Onsite Warranty,1.75 kg,1.51 KG TO 1.80 KG ,1,1,1,-54990,54990,61
High to Low,Low to High,FALSE,Lenovo,"15.6 inch Full HD, IPS 250nits Anti-glare, 45% NTSC, 120Hz, FreeSync",Yes,Yes,4 GB,,,NVIDIA GeForce RTX 3050,4 GB,NVIDIA,https://www.flipkart.com/lenovo-ideapad-gaming-3-amd-ryzen-7-octa-core-6800h-8-gb-512-gb-ssd-windows-11-home-4-graphics-nvidia-geforce-rtx-3050-15arh7-laptop/p/itm26222f33449ac?pid=COMGSVFEQYPRDJDB&lid=LSTCOMGSVFEQYPRDJDBMI9P0S&marketplace=FLIPKART&q=laptops&store=6bo%2Fb5g&spotlightTagId=TrendingId_6bo%2Fb5g&srno=s_1_24&otracker=search&otracker1=search&fm=Search&iid=db528623-8a99-4681-93b3-5e5e0a99f305.COMGSVFEQYPRDJDB.SEARCH&ppt=sp&ppn=sp&qH=c06ea84a1e3dc3c6,15ARH7,Yes,Windows 11 Home,AMD Ryzen 7 Octa Core,AMD,8 GB,15.6 inch,512 GB,https://rukminim2.flixcart.com/image/312/312/xif0q/computer/i/1/s/-original-imagzzebftghhzr4.jpeg?q=70,Lenovo IdeaPad Gaming 3 AMD Ryzen 7 Octa Core 6800H,No,1 Year Onsite Warranty,2.32 kg,2.11 KG & Above,1,1,1,-62990,62990,62
High to Low,Low to High,FALSE,Lenovo,15.6 Inch Full HD Anti-glare Display,No,No,N/A,,,AMD Radeon AMD,,AMD,https://www.flipkart.com/lenovo-amd-ryzen-7-octa-core-7730u-8-gb-512-gb-ssd-windows-11-home-thinkbook-15-g5-thin-light-laptop/p/itm3138a03a4b1a2?pid=COMGT82XR3HBQGVJ&lid=LSTCOMGT82XR3HBQGVJXIX5PN&marketplace=FLIPKART&q=laptops&store=6bo%2Fb5g&srno=s_2_25&otracker=search&otracker1=search&fm=Search&iid=f7777746-e3eb-489d-9605-9aa3f46c246d.COMGT82XR3HBQGVJ.SEARCH&ppt=sp&ppn=sp&qH=c06ea84a1e3dc3c6,ThinkBook 15 G5,Yes,Windows 11 Home,AMD Ryzen 7 Octa Core,AMD,8 GB,15.6 Inch,512 GB,https://rukminim2.flixcart.com/image/312/312/xif0q/computer/1/w/5/-original-imagrjfhefuhkppa.jpeg?q=70,Lenovo ThinkBook 15 G5 AMD Ryzen 7 Octa Core 7730U,No,1 Year Onsite Warranty,1.70 kg,1.51 KG TO 1.80 KG ,1,1,1,-42990,42990,63
High to Low,Low to High,FALSE,HP,"15.6 Inch Full HD, Refresh Rate 144Hz, 9ms Response time, IPS, micro edge, Anti-glare, Brightness 250 Nits, 141 ppi, Color Gamut 45% NTSC",No,Yes,4 GB,,,NVIDIA GeForce RTX 3050,4 GB,NVIDIA,https://www.flipkart.com/hp-victus-amd-ryzen-5-hexa-core-5600h-16-gb-512-gb-ssd-windows-11-home-4-graphics-nvidia-geforce-rtx-3050-15-fb0136ax-gaming-laptop/p/itm20720e68e1331?pid=COMGZUGTTBRGYSHT&lid=LSTCOMGZUGTTBRGYSHTSMWHRT&marketplace=FLIPKART&q=laptops&store=6bo%2Fb5g&srno=s_2_26&otracker=search&otracker1=search&fm=Search&iid=f7777746-e3eb-489d-9605-9aa3f46c246d.COMGZUGTTBRGYSHT.SEARCH&ppt=sp&ppn=sp&qH=c06ea84a1e3dc3c6,15-fb0136AX,Yes,Windows 11 Home,AMD Ryzen 5 Hexa Core,AMD,16 GB,15.6 Inch,512 GB,https://rukminim2.flixcart.com/image/312/312/xif0q/computer/e/5/y/-original-imagzw7c2mnzbtzm.jpeg?q=70,HP Victus AMD Ryzen 5 Hexa Core 5600H - (16 GB/512 GB SSD/Windows 11 Home/4 GB Graphics/NVIDIA GeForce RTX 3050),No,1 Year Onsite Warranty,2.37 kg,2.11 KG & Above,1,1,1,-58490,58490,64
High to Low,Low to High,FALSE,ASUS,"15.6 Inch FHD (1920 x 1080) OLED, 16:9 aspect ratio, Glossy display, 0.2ms response time, 600nits HDR peak Brightness, 100% DCI-P3 color gamut, VESA CERTIFIED Display HDR True Black 500, 1.07 billion Color depth",No,No,N/A,,,AMD Radeon AMD,,AMD,https://www.flipkart.com/asus-vivobook-go-15-oled-2023-amd-ryzen-5-quad-core-7520u-8-gb-512-gb-ssd-windows-11-home-e1504fa-lk521ws-thin-light-laptop/p/itm6de111c8a57b9?pid=COMGMGXFT7WWNGYG&lid=LSTCOMGMGXFT7WWNGYGEMFTUI&marketplace=FLIPKART&q=laptops&store=6bo%2Fb5g&srno=s_2_27&otracker=search&otracker1=search&fm=Search&iid=f7777746-e3eb-489d-9605-9aa3f46c246d.COMGMGXFT7WWNGYG.SEARCH&ppt=sp&ppn=sp&qH=c06ea84a1e3dc3c6,E1504FA-LK521WS,Yes,Windows 11 Home,AMD Ryzen 5 Quad Core,AMD,8 GB,15.6 Inch,512 GB,https://rukminim2.flixcart.com/image/312/312/xif0q/computer/a/k/k/-original-imagpxgru35rbzwz.jpeg?q=70,ASUS Vivobook Go 15 OLED AMD Ryzen 5 Quad Core 7520U,No,1 Year Onsite Warranty,1.63 kg,1.51 KG TO 1.80 KG ,1,1,1,-44990,44990,65
High to Low,Low to High,FALSE,ASUS,"FHD, 16:9 aspect ratio, LED Backlit, IPS-level Panel, 144Hz refresh rate, 250nits, 45% NTSC color gamut, Anti-glare display",No,Yes,4 GB,,,NVIDIA GeForce RTX 2050,4 GB,NVIDIA,https://www.flipkart.com/asus-vivobook-pro-15-creator-amd-ryzen-7-octa-core-5800hs-16-gb-512-gb-ssd-windows-11-home-4-graphics-nvidia-geforce-rtx-2050-144-hz-50-tgp-m6500qf-hn741ws-gaming-laptop/p/itmf62d6f5927429?pid=COMGPNG4ZJAFR3PH&lid=LSTCOMGPNG4ZJAFR3PHVKTRCX&marketplace=FLIPKART&q=laptops&store=6bo%2Fb5g&srno=s_2_29&otracker=search&otracker1=search&fm=Search&iid=f7777746-e3eb-489d-9605-9aa3f46c246d.COMGPNG4ZJAFR3PH.SEARCH&ppt=sp&ppn=sp&qH=c06ea84a1e3dc3c6,M6500QF-HN741WS,Yes,Windows 11 Home,AMD Ryzen 7 Octa Core,AMD,16 GB,15.6 Inch,512 GB,https://rukminim2.flixcart.com/image/312/312/xif0q/computer/d/k/k/-original-imagqkqnb2fpbhyb.jpeg?q=70,"ASUS Vivobook Pro 15 For Creator, AMD Ryzen 7 Octa Core 5800HS",No,1 Year Onsite Warranty,1.80 Kg,1.51 KG TO 1.80 KG ,1,1,1,-60990,60990,66
High to Low,Low to High,FALSE,HP,"Full HD, Refresh Rate 144Hz, 9ms Response time, IPS, micro edge, Anti-glare, Brightness 250 Nits, 141 ppi, Color Gamut 45% NTSC",No,Yes,4 GB,,,NVIDIA GeForce RTX 3050,4 GB,NVIDIA,https://www.flipkart.com/hp-victus-amd-ryzen-5-hexa-core-5600h-8-gb-512-gb-ssd-windows-11-home-4-graphics-nvidia-geforce-rtx-3050-15-fb0135ax-gaming-laptop/p/itm740ddb5e8081e?pid=COMGZUGTYNZFXNGG&lid=LSTCOMGZUGTYNZFXNGGHOWGKH&marketplace=FLIPKART&q=laptops&store=6bo%2Fb5g&srno=s_2_30&otracker=search&otracker1=search&fm=Search&iid=f7777746-e3eb-489d-9605-9aa3f46c246d.COMGZUGTYNZFXNGG.SEARCH&ppt=sp&ppn=sp&qH=c06ea84a1e3dc3c6,15-fb0135AX,Yes,Windows 11 Home,AMD Ryzen 5 Hexa Core,AMD,8 GB,15.6 Inch,512 GB,https://rukminim2.flixcart.com/image/312/312/xif0q/computer/e/5/y/-original-imagzw7c2mnzbtzm.jpeg?q=70,HP Victus AMD Ryzen 5 Hexa Core 5600H,No,1 Year Onsite Warranty,2.37 Kg,2.11 KG & Above,1,1,1,-55490,55490,67
High to Low,Low to High,FALSE,Lenovo,"Full HD IPS 250nits Anti-glare, 45% NTSC, 120Hz, FreeSync",No,Yes,4 GB,,,NVIDIA GeForce RTX 2050,4 GB,NVIDIA,https://www.flipkart.com/lenovo-ideapad-gaming-3-amd-ryzen-5-hexa-core-7535hs-16-gb-512-gb-ssd-windows-11-home-4-graphics-nvidia-geforce-rtx-2050-15arh7-laptop/p/itm2435db82309cd?pid=COMGQRD78BGMBEYX&lid=LSTCOMGQRD78BGMBEYXVEAQCY&marketplace=FLIPKART&q=laptops&store=6bo%2Fb5g&srno=s_2_32&otracker=search&otracker1=search&fm=Search&iid=f7777746-e3eb-489d-9605-9aa3f46c246d.COMGQRD78BGMBEYX.SEARCH&ppt=sp&ppn=sp&qH=c06ea84a1e3dc3c6,15ARH7,Yes,Windows 11 Home,AMD Ryzen 5 Hexa Core,AMD,16 GB,15.6 Inch,512 GB,https://rukminim2.flixcart.com/image/312/312/xif0q/computer/h/f/a/-original-imagzzepg428mfda.jpeg?q=70,Lenovo IdeaPad Gaming 3 AMD Ryzen 5 Hexa Core 7535HS,No,1 Year Onsite Warranty,2.32 Kg,2.11 KG & Above,1,1,1,-55990,55990,68
High to Low,Low to High,FALSE,Lenovo,"Full HD, IPS, Brightness: 300 nits, Anti-glare",No,No,N/A,,,AMD Radeon AMD,,AMD,https://www.flipkart.com/lenovo-ideapad-slim-1-amd-ryzen-5-hexa-core-5500u-16-gb-512-gb-ssd-windows-11-home-15alc7-thin-light-laptop/p/itmce54714ae1cd8?pid=COMGN2YDSFGGXYG3&lid=LSTCOMGN2YDSFGGXYG3MJBCRU&marketplace=FLIPKART&q=laptops&store=6bo%2Fb5g&srno=s_2_33&otracker=search&otracker1=search&fm=Search&iid=f7777746-e3eb-489d-9605-9aa3f46c246d.COMGN2YDSFGGXYG3.SEARCH&ppt=sp&ppn=sp&qH=c06ea84a1e3dc3c6,15ALC7,Yes,Windows 11,AMD Ryzen 5 Hexa Core,AMD,16 GB,15.6 Inch,512 GB,https://rukminim2.flixcart.com/image/312/312/xif0q/computer/8/x/e/-original-imahyyhrqegzvuck.jpeg?q=70,Lenovo IdeaPad Slim 1 AMD Ryzen 5 Hexa Core 5500U (16 GB/512 GB SSD/Windows 11 Home),No,2 Year Warranty,1.65 kg,1.51 KG TO 1.80 KG ,1,1,1,-40990,40990,69
High to Low,Low to High,FALSE,HP,"FHD, IPS, micro-edge, BrightView, Brightness: 250 nits, Color Gamut: 45%NTSC",Yes,No,N/A,,,AMD Radeon AMD,,AMD,https://www.flipkart.com/hp-amd-ryzen-7-octa-core-5700u-16-gb-1-tb-ssd-windows-11-home-15-eh1147au-thin-light-laptop/p/itm800f23fa517cc?pid=COMGYAM99RJYH6JX&lid=LSTCOMGYAM99RJYH6JXOD50VL&marketplace=FLIPKART&q=laptops&store=6bo%2Fb5g&srno=s_2_35&otracker=search&otracker1=search&fm=Search&iid=f7777746-e3eb-489d-9605-9aa3f46c246d.COMGYAM99RJYH6JX.SEARCH&ppt=sp&ppn=sp&qH=c06ea84a1e3dc3c6,15-eh1147AU,Yes,Windows 11,AMD Ryzen 7 Octa Core,AMD,16 GB,15.6 Inch,1 TB,https://rukminim2.flixcart.com/image/312/312/xif0q/computer/j/a/4/-original-imagzwccvfrfkysz.jpeg?q=70,HP AMD Ryzen 7 Octa Core 5700U (16 GB/1 TB SSD/Windows 11 Home) 15-eh1147AU,Yes,1 Year Onsite Warranty,1.75 kg,1.51 KG TO 1.80 KG ,1,1,1,-63990,63990,70
High to Low,Low to High,FALSE,ASUS,"FHD, IPS-level Panel, 144Hz refresh rate, Color Gamut: 45%NTSC, Anti-glare display",No,Yes,4 GB,,,NVIDIA GeForce RTX 2050,4 GB,NVIDIA,https://www.flipkart.com/asus-vivobook-pro-15-creator-amd-ryzen-5-hexa-core-5600hs-8-gb-512-gb-ssd-windows-11-home-4-graphics-nvidia-geforce-rtx-2050-144-hz-50-tgp-m6500qf-hn522ws-gaming-laptop/p/itm1e18857e249b4?pid=COMGPNG4FAVZ4ECK&lid=LSTCOMGPNG4FAVZ4ECKPERZU6&marketplace=FLIPKART&q=laptops&store=6bo%2Fb5g&srno=s_2_36&otracker=search&otracker1=search&fm=Search&iid=f7777746-e3eb-489d-9605-9aa3f46c246d.COMGPNG4FAVZ4ECK.SEARCH&ppt=sp&ppn=sp&qH=c06ea84a1e3dc3c6,M6500QF-HN522WS,Yes,Windows 11,AMD Ryzen 5 Hexa Core,AMD,8 GB,15.6 Inch,512 GB,https://rukminim2.flixcart.com/image/312/312/xif0q/computer/r/k/o/-original-imagqkqmf9zzsz5y.jpeg?q=70,"ASUS Vivobook Pro 15 For Creator, AMD Ryzen 5 Hexa Core 5600HS (8 GB/512 GB SSD/Windows 11",No,1 Year Onsite Warranty,1.80 kg,1.51 KG TO 1.80 KG ,1,1,1,-49990,49990,71
High to Low,Low to High,FALSE,MSI,"Full HD, 60Hz 45%NTSC IPS-Level",No,No,N/A,,,AMD Radeon AMD,,AMD,https://www.flipkart.com/msi-modern-14-amd-ryzen-5-hexa-core-7530u-8-gb-512-gb-ssd-windows-11-home-c7m-063in-thin-light-laptop/p/itma9abd86c9c099?pid=COMGMV6VHGPAGP55&lid=LSTCOMGMV6VHGPAGP553JIQX6&marketplace=FLIPKART&q=laptops&store=6bo%2Fb5g&srno=s_3_49&otracker=search&otracker1=search&fm=Search&iid=fc2a0f51-fdbf-4473-bf23-eaa3f96a5b17.COMGMV6VHGPAGP55.SEARCH&ppt=sp&ppn=sp&ssid=cx7p44e5rk0000001713361116692&qH=c06ea84a1e3dc3c6,Modern 14 C7M-063IN,No,Windows 11 Home,AMD Ryzen 5 Hexa Core,AMD,8 GB,14 Inch,512 GB,https://rukminim2.flixcart.com/image/312/312/xif0q/computer/q/8/a/-original-imagvyw9hgt3mdqa.jpeg?q=70,MSI Modern 14 AMD Ryzen 5 Hexa Core 7530U,No,1 Year Carry-in Warranty,1.4 Kg,1.21 KG TO 1.50 KG,1,1,1,-33990,33990,72
High to Low,Low to High,FALSE,HP,"Full HD, IPS, micro-edge, Anti-glare, Brightness: 250 nits, 141 ppi, Color Gamut: 45% NTSC",No,Yes,4 GB,,,NVIDIA GeForce GTX 1650,4 GB,NVIDIA,https://www.flipkart.com/hp-victus-amd-ryzen-5-hexa-core-5600h-8-gb-512-gb-ssd-windows-11-home-4-graphics-nvidia-geforce-gtx-1650-15-fb0122ax-gaming-laptop/p/itm51fbd32b77f78?pid=COMGQRD7UCPUTFGT&lid=LSTCOMGQRD7UCPUTFGTBOWMPK&marketplace=FLIPKART&q=laptops&store=6bo%2Fb5g&srno=s_3_50&otracker=search&otracker1=search&fm=Search&iid=fc2a0f51-fdbf-4473-bf23-eaa3f96a5b17.COMGQRD7UCPUTFGT.SEARCH&ppt=sp&ppn=sp&ssid=cx7p44e5rk0000001713361116692&qH=c06ea84a1e3dc3c6,15-fb0122AX,Yes,Windows 11 Home,AMD Ryzen 5 Hexa Core,AMD,8 GB,15.6 Inch,512 GB,https://rukminim2.flixcart.com/image/312/312/l5bd5zk0/computer/l/e/k/15-fb0040ax-gaming-laptop-hp-original-imaggyuezf9qtypd.jpeg?q=70,HP Victus AMD Ryzen 5 Hexa Core 5600H,No,1 Year Onsite Warranty,2.37 Kg,2.11 KG & Above,1,1,1,-55990,55990,73
High to Low,Low to High,FALSE,HP,"Full HD, IPS, micro-edge, Anti-glare, Brightness: 250 nits, 141 ppi, Color Gamut: 45% NTSC",No,Yes,4 GB,,,AMD Radeon RX 6500M,4 GB,AMD,https://www.flipkart.com/hp-victus-amd-ryzen-5-hexa-core-5600h-8-gb-512-gb-ssd-windows-11-home-4-graphics-amd-radeon-rx-6500m-60-hz-15-fb0147ax-gaming-laptop/p/itm236b5aaa84afc?pid=COMGQRD7QZU6HTA8&lid=LSTCOMGQRD7QZU6HTA8ME1ZFZ&marketplace=FLIPKART&q=laptops&store=6bo%2Fb5g&srno=s_3_51&otracker=search&otracker1=search&fm=Search&iid=fc2a0f51-fdbf-4473-bf23-eaa3f96a5b17.COMGQRD7QZU6HTA8.SEARCH&ppt=sp&ppn=sp&ssid=cx7p44e5rk0000001713361116692&qH=c06ea84a1e3dc3c6,15-fb0147AX,Yes,Windows 11 Home,AMD Ryzen 5 Hexa Core,AMD,8 GB,15.6 Inch,512 GB,https://rukminim2.flixcart.com/image/312/312/xif0q/computer/8/i/j/-original-imagthcbgurdzwuc.jpeg?q=70,HP Victus AMD Ryzen 5 Hexa Core 5600H,No,1 Year Onsite Warranty,2.37 Kg,2.11 KG & Above,1,1,1,-49490,49490,74
High to Low,Low to High,FALSE,Lenovo,"1,920 x 1,080 pixels pixel",No,No,N/A,,,AMD Radeon AMD,,AMD,https://www.flipkart.com/lenovo-amd-ryzen-5-quad-core-8-gb-512-gb-ssd-windows-11-home-v15-laptop/p/itmce43f808e6dc0?pid=COMGP7XXRZZ2C6RE&lid=LSTCOMGP7XXRZZ2C6REGK0EUZ&marketplace=FLIPKART&q=laptops&store=6bo%2Fb5g&srno=s_3_52&otracker=search&otracker1=search&fm=Search&iid=fc2a0f51-fdbf-4473-bf23-eaa3f96a5b17.COMGP7XXRZZ2C6RE.SEARCH&ppt=sp&ppn=sp&ssid=cx7p44e5rk0000001713361116692&qH=c06ea84a1e3dc3c6,V15,Yes,Windows 11 Home,AMD Ryzen 5 Quad Core,AMD,8 GB,15.6 Inch,512 GB,https://rukminim2.flixcart.com/image/312/312/xif0q/computer/m/e/i/v15-laptop-lenovo-original-imaghvguhkzhedwq.jpeg?q=70,Lenovo AMD Ryzen 5 Quad Core,No,12 MONTHS,N/A,N/A,1,1,1,-34990,34990,75
High to Low,Low to High,FALSE,Lenovo,"WUXGA, IPS, 300nits Anti-glare, 45% NTSC, TUV Low Blue Light",Yes,No,N/A,,,AMD Radeon AMD,,AMD,,14ABR8,No,Windows 11,AMD Ryzen 5 Hexa Core,AMD,16 GB,14 Inch,512 GB,https://rukminim2.flixcart.com/image/312/312/xif0q/computer/z/y/v/-original-imahyyhhy2nzycck.jpeg?q=70,Lenovo IdeaPad Slim 5 AMD Ryzen 5 Hexa Core 7530U,No,1 Year Carry-in Warranty,1.46 kg,1.21 KG TO 1.50 KG,1,1,1,-55190,55190,76
High to Low,Low to High,FALSE,Lenovo,Full HD Anti-glare Display,No,No,N/A,,,AMD Radeon AMD,,AMD,https://www.flipkart.com/lenovo-v15-amd-ryzen-5-hexa-core-5500u-8-gb-512-gb-ssd-windows-11-home-g2-alc-thin-light-laptop/p/itmfe3dee6b6686a?pid=COMGZ3SPYQJDEJWQ&lid=LSTCOMGZ3SPYQJDEJWQSNKNOX&marketplace=FLIPKART&q=laptops&store=6bo%2Fb5g&srno=s_3_54&otracker=search&otracker1=search&fm=Search&iid=fc2a0f51-fdbf-4473-bf23-eaa3f96a5b17.COMGZ3SPYQJDEJWQ.SEARCH&ppt=sp&ppn=sp&ssid=cx7p44e5rk0000001713361116692&qH=c06ea84a1e3dc3c6,V15 G2 ALC,Yes,Windows 11,AMD Ryzen 5 Hexa Core,AMD,8 GB,15.6 Inch,512 GB,https://rukminim2.flixcart.com/image/312/312/xif0q/computer/b/d/i/-original-imagzhefhc84rmbf.jpeg?q=70,Lenovo V15 AMD Ryzen 5 Hexa Core 5500U,No,1 Year Onsite Warranty,1.7 Kg,1.51 KG TO 1.80 KG ,1,1,1,-33900,33900,77
High to Low,Low to High,FALSE,ASUS,"Full HD, 16:9 aspect ratio, LED Backlit, IPS-level Panel, 144Hz refresh rate, 250nits, 45% NTSC color gamut, Glossy display",Yes,Yes,4 GB,,,NVIDIA GeForce RTX 2050,4 GB,NVIDIA,https://www.flipkart.com/asus-vivobook-pro-15-creator-amd-ryzen-5-hexa-core-5600hs-8-gb-512-gb-ssd-windows-11-home-4-graphics-nvidia-geforce-rtx-2050-m6500qf-hn522w-gaming-laptop/p/itmd7b81ac811232?pid=COMGR5QE896R4FUF&lid=LSTCOMGR5QE896R4FUF0FWRRW&marketplace=FLIPKART&q=laptops&store=6bo%2Fb5g&srno=s_3_55&otracker=search&otracker1=search&fm=Search&iid=fc2a0f51-fdbf-4473-bf23-eaa3f96a5b17.COMGR5QE896R4FUF.SEARCH&ppt=sp&ppn=sp&ssid=cx7p44e5rk0000001713361116692&qH=c06ea84a1e3dc3c6,M6500QF-HN522W,Yes,Windows 11,AMD Ryzen 5 Hexa Core,AMD,8 GB,15.6 Inch,512 GB,https://rukminim2.flixcart.com/image/312/312/xif0q/computer/r/k/o/-original-imagqkqmf9zzsz5y.jpeg?q=70,"ASUS Vivobook Pro 15 For Creator, AMD Ryzen 5 Hexa Core 5600HS",No,1 Year Onsite Warranty,1.80 Kg,1.51 KG TO 1.80 KG ,1,1,1,-49990,49990,78
High to Low,Low to High,FALSE,Lenovo,WUXGA IPS Anti-glare Display,Yes,No,N/A,,,AMD Radeon AMD,,AMD,https://www.flipkart.com/lenovo-thinkpad-e14-amd-ryzen-5-hexa-core-7530u-8-gb-512-gb-ssd-windows-11-home-tp-gen-thin-light-laptop/p/itmbbd4542d7f75b?pid=COMGQRD7RWHUM9QH&lid=LSTCOMGQRD7RWHUM9QHQAU0RT&marketplace=FLIPKART&q=laptops&store=6bo%2Fb5g&srno=s_3_56&otracker=search&otracker1=search&fm=Search&iid=fc2a0f51-fdbf-4473-bf23-eaa3f96a5b17.COMGQRD7RWHUM9QH.SEARCH&ppt=sp&ppn=sp&ssid=cx7p44e5rk0000001713361116692&qH=c06ea84a1e3dc3c6,TP E14 Gen 5,No,Windows 11,AMD Ryzen 5 Hexa Core,AMD,8 GB,14 Inch,512 GB,https://rukminim2.flixcart.com/image/312/312/xif0q/computer/w/v/d/tp-e14-gen-5-thin-and-light-laptop-lenovo-original-imags8wwkum3gzbz.jpeg?q=70,Lenovo ThinkPad E14 AMD Ryzen 5 Hexa Core 7530U,No,1 Year Onsite Warranty,1.41 Kg,1.21 KG TO 1.50 KG,1,1,1,-69345,69345,79
High to Low,Low to High,FALSE,Lenovo,"Full HD, IPS, 250nits, Anti-glare, 45% NTSC, 120Hz, FreeSync",Yes,Yes,4 GB,,,NVIDIA GeForce RTX 3050,4 GB,NVIDIA,https://www.flipkart.com/lenovo-ideapad-gaming-3-amd-ryzen-5-hexa-core-6600h-16-gb-512-gb-ssd-windows-11-home-4-graphics-nvidia-geforce-rtx-3050-15arh7d4-laptop/p/itme9df44c3dec9f?pid=COMGSVFE3HZQDWEB&lid=LSTCOMGSVFE3HZQDWEB83IVO6&marketplace=FLIPKART&q=laptops&store=6bo%2Fb5g&srno=s_3_57&otracker=search&otracker1=search&fm=Search&iid=fc2a0f51-fdbf-4473-bf23-eaa3f96a5b17.COMGSVFE3HZQDWEB.SEARCH&ppt=sp&ppn=sp&ssid=cx7p44e5rk0000001713361116692&qH=c06ea84a1e3dc3c6,15ARH7D4,Yes,Windows 11,AMD Ryzen 5 Hexa Core,AMD,16 GB,15.6 inch,512 GB,https://rukminim2.flixcart.com/image/312/312/xif0q/computer/6/3/z/-original-imagzzedmr89chhc.jpeg?q=70,Lenovo IdeaPad Gaming 3 AMD Ryzen 5 Hexa Core 6600H,No,1 Year Onsite Warranty,2.32 kg,2.11 KG & Above,1,1,1,-67990,67990,80
High to Low,Low to High,FALSE,Lenovo,"Full HD IPS 300nits Anti-glare, 45% NTSC, 144Hz",No,Yes,4 GB,,,NVIDIA GeForce RTX 2050,4 GB,NVIDIA,https://www.flipkart.com/lenovo-ideapad-gaming-3-amd-ryzen-5-quad-core-5500h-8-gb-512-gb-ssd-windows-11-home-4-graphics-nvidia-geforce-rtx-2050-15ach6-laptop/p/itm2a46b1c472cac?pid=COMGSYYS4NDGGPPA&lid=LSTCOMGSYYS4NDGGPPAIBOPWE&marketplace=FLIPKART&q=laptops&store=6bo%2Fb5g&srno=s_3_58&otracker=search&otracker1=search&fm=Search&iid=fc2a0f51-fdbf-4473-bf23-eaa3f96a5b17.COMGSYYS4NDGGPPA.SEARCH&ppt=sp&ppn=sp&ssid=cx7p44e5rk0000001713361116692&qH=c06ea84a1e3dc3c6,15ACH6,Yes,Windows 11,AMD Ryzen 5 Quad Core,AMD,8 GB,15.6 Inch,512 GB,https://rukminim2.flixcart.com/image/312/312/xif0q/computer/l/6/a/-original-imagzze7arpagqaz.jpeg?q=70,Lenovo IdeaPad Gaming 3 AMD Ryzen 5 Quad Core 5500H,No,1 Year Carry-in Warranty,2.25 Kg,2.11 KG & Above,1,1,1,-49990,49990,81
High to Low,Low to High,FALSE,Lenovo,"Full HD, IPS 300nits Anti-glare",No,No,N/A,,,AMD Radeon AMD,,AMD,https://www.flipkart.com/lenovo-ideapad-slim-3-amd-ryzen-7-octa-core-5700u-16-gb-512-gb-ssd-windows-11-home-15alc6-thin-light-laptop/p/itm79cd6c84ebdb4?pid=COMGQRD7EGPUUGGH&lid=LSTCOMGQRD7EGPUUGGHL1L521&marketplace=FLIPKART&q=laptops&store=6bo%2Fb5g&srno=s_3_59&otracker=search&otracker1=search&fm=Search&iid=fc2a0f51-fdbf-4473-bf23-eaa3f96a5b17.COMGQRD7EGPUUGGH.SEARCH&ppt=sp&ppn=sp&ssid=cx7p44e5rk0000001713361116692&qH=c06ea84a1e3dc3c6,15ALC6,Yes,Windows 11,AMD Ryzen 7 Octa Core,AMD,16 GB,15.6 Inch,512 GB,https://rukminim2.flixcart.com/image/312/312/xif0q/computer/x/z/h/-original-imaguyhzpne7epz2.jpeg?q=70,Lenovo IdeaPad Slim 3 AMD Ryzen 7 Octa Core 5700U,No,1 Year Onsite Warranty + 1 Year ADP,1.65 Kg,1.51 KG TO 1.80 KG ,1,1,1,-48990,48990,82
High to Low,Low to High,FALSE,Lenovo,Full HD,No,No,N/A,,,AMD Radeon AMD,,AMD,https://www.flipkart.com/lenovo-thinkbook-amd-ryzen-7-octa-core-7730u-16-gb-512-gb-ssd-windows-11-home-tb-15-thin-light-laptop/p/itmfc050353680f3?pid=COMGT2XH2RMZDCJW&lid=LSTCOMGT2XH2RMZDCJWV8RWFV&marketplace=FLIPKART&q=laptops&store=6bo%2Fb5g&srno=s_3_60&otracker=search&otracker1=search&fm=Search&iid=fc2a0f51-fdbf-4473-bf23-eaa3f96a5b17.COMGT2XH2RMZDCJW.SEARCH&ppt=sp&ppn=sp&ssid=cx7p44e5rk0000001713361116692&qH=c06ea84a1e3dc3c6,TB 15,Yes,Windows 11,AMD Ryzen 7 Octa Core,AMD,16 GB,16 Inch,512 GB,https://rukminim2.flixcart.com/image/312/312/xif0q/laptop-display/u/h/6/32-98765-sri-vasavi-it-solutions-original-imagr8zcugyfrp6c.jpeg?q=70,Lenovo THINKBOOK AMD Ryzen 7 Octa Core 7730U,No,1 Year Onsite Warranty,1.6 Kg,1.51 KG TO 1.80 KG ,1,1,1,-48490,48490,83
High to Low,Low to High,FALSE,Infinix,Full HD,Yes,No,N/A,(13th Gen),13th Gen,Intel Integrated 96EU Iris Xe,,Intel,https://www.flipkart.com/infinix-zerobook-13-intel-core-i9-13th-gen-13900h-32-gb-1-tb-ssd-windows-11-home-zl513-thin-light-laptop/p/itm53866eeb21b65?pid=COMGRFPGYCKFSGZG&lid=LSTCOMGRFPGYCKFSGZGMBU4DX&marketplace=FLIPKART&q=laptops&store=6bo%2Fb5g&srno=s_1_1&otracker=search&otracker1=search&fm=Search&iid=0150e801-72ba-4ebd-906b-108883704dde.COMGRFPGYCKFSGZG.SEARCH&ppt=sp&ppn=sp&qH=c06ea84a1e3dc3c6,ZL513,Yes,Windows 11 Home,Intel Core i9,Intel,32 GB,15.6 inch,1 TB,https://rukminim2.flixcart.com/image/312/312/xif0q/computer/7/d/i/zl12-business-laptop-infinix-original-imagm83gc6xr8sau.jpeg?q=70,Infinix ZEROBOOK 13 Intel Intel Core i9 13th Gen 13900H,No,1 Year Onsite Warranty,1.80 Kg,1.51 KG TO 1.80 KG ,1,1,1,-74990,74990,84
High to Low,Low to High,FALSE,Infinix,Full HD IPS,Yes,No,N/A,(12th Gen),12th Gen,Intel Integrated Iris Xe,,Intel,https://www.flipkart.com/infinix-zero-book-ultra-series-laptop-intel-core-i9-12th-gen-12900h-16-gb-512-gb-ssd-windows-11-home-zl12-business/p/itm5e3c5bd148faa?pid=COMGMFK7B6FTNA4X&lid=LSTCOMGMFK7B6FTNA4XRZ631X&marketplace=FLIPKART&q=laptops&store=6bo%2Fb5g&srno=s_1_2&otracker=search&otracker1=search&fm=Search&iid=0150e801-72ba-4ebd-906b-108883704dde.COMGMFK7B6FTNA4X.SEARCH&ppt=sp&ppn=sp&qH=c06ea84a1e3dc3c6,ZL12,Yes,Windows 11 Home,Intel Core i9,Intel,16 GB,15.6 inch,512 GB,https://rukminim2.flixcart.com/image/312/312/xif0q/computer/7/d/i/zl12-business-laptop-infinix-original-imagm83gc6xr8sau.jpeg?q=70,Infinix ZERO BOOK ULTRA Series Laptop Intel Intel Core i9 12th Gen 12900H,No,1 Year Onsite Warranty,1.80 Kg,1.51 KG TO 1.80 KG ,1,1,1,-75990,75990,85
High to Low,Low to High,FALSE,MSI,FHD+ IPS-Level,No,No,N/A,(13th Gen),13th Gen,Intel Integrated Iris Xe,,Intel,https://www.flipkart.com/msi-modern-14-h-intel-core-i9-13th-gen-13900h-16-gb-1-tb-ssd-windows-11-home-d13mg-071in-thin-light-laptop/p/itm737774c12736c?pid=COMGXMY5GGGZYGGB&lid=LSTCOMGXMY5GGGZYGGBTEMLGI&marketplace=FLIPKART&q=laptops&store=6bo%2Fb5g&srno=s_1_3&otracker=search&otracker1=search&fm=Search&iid=0150e801-72ba-4ebd-906b-108883704dde.COMGXMY5GGGZYGGB.SEARCH&ppt=sp&ppn=sp&qH=c06ea84a1e3dc3c6,D13MG-071IN,No,Windows 11 Home,Intel Core i9,Intel,16 GB,14 inch,1 TB,https://rukminim2.flixcart.com/image/312/312/xif0q/computer/e/u/p/-original-imagyj9jhxeeum3w.jpeg?q=70,MSI Modern 14 H Intel Core i9 13th Gen 13900H,No,1 Year Carry-in Warranty,1.6 Kg,1.51 KG TO 1.80 KG ,1,1,1,-78990,78990,86
High to Low,Low to High,FALSE,Infinix,Full HD IPS,Yes,No,N/A,(12th Gen),12th Gen,Intel Integrated Iris Xe,,Intel,https://www.flipkart.com/infinix-zero-book-ultra-series-laptop-intel-core-i9-12th-gen-12900h-32-gb-1-tb-ssd-windows-11-home-zl12-business/p/itmbcec8da915ac8?pid=COMGMFK7WH5RZ7YP&lid=LSTCOMGMFK7WH5RZ7YPLIFMYB&marketplace=FLIPKART&q=laptops&store=6bo%2Fb5g&srno=s_1_4&otracker=search&otracker1=search&fm=Search&iid=0150e801-72ba-4ebd-906b-108883704dde.COMGMFK7WH5RZ7YP.SEARCH&ppt=sp&ppn=sp&qH=c06ea84a1e3dc3c6,ZL12,Yes,Windows 11 Home,Intel Core i9,Intel,32 GB,15.6 inch,1 TB,https://rukminim2.flixcart.com/image/312/312/xif0q/computer/7/d/i/zl12-business-laptop-infinix-original-imagm83gc6xr8sau.jpeg?q=70,Infinix ZERO BOOK ULTRA Series Laptop Intel Intel Core i9 12th Gen 12900H,No,1 Year Onsite Warranty,1.80 Kg,1.51 KG TO 1.80 KG ,1,1,1,-81978,81978,87
High to Low,Low to High,FALSE,ASUS,"Full HD, OLED 16:9 aspect ratio, 0.2ms response time, 60Hz refresh rate, 600nits, HDR peak brightness, 100% DCI-P3 color gamut, 1,000,000:1, VESA CERTIFIED Display HDR True Black 500, 1.07 billion colors, PANTONE Validated, Glossy display, 70% less harmful blue light",No,No,N/A,(13th Gen),13th Gen,Intel Integrated Iris Xe,,Intel,https://www.flipkart.com/asus-vivobook-s-15-oled-2023-intel-evo-h-series-core-i9-13th-gen-13900h-16-gb-1-tb-ssd-windows-11-home-s5504va-ma954ws-thin-light-laptop/p/itmd89b76bbbc37b?pid=COMGZDQJH32JGZWP&lid=LSTCOMGZDQJH32JGZWPTVL3XD&marketplace=FLIPKART&q=laptops&store=6bo%2Fb5g&srno=s_1_6&otracker=search&otracker1=search&fm=Search&iid=0150e801-72ba-4ebd-906b-108883704dde.COMGZDQJH32JGZWP.SEARCH&ppt=sp&ppn=sp&qH=c06ea84a1e3dc3c6,13900H,Yes,Windows 11 Home,Intel Core i9,Intel,16 GB,15.6 Inch,1 TB,https://rukminim2.flixcart.com/image/312/312/xif0q/computer/3/9/q/-original-imagpxgrev7mgg5m.jpeg?q=70,ASUS Vivobook S 15 OLED (2023),No,1 Year Onsite Warranty,1.70 Kg,1.51 KG TO 1.80 KG ,1,1,1,-109900,109900,88
High to Low,Low to High,FALSE,ASUS,"Full HD, OLED 16:9 aspect ratio, 0.2ms response time, 60Hz refresh rate, 600nits, HDR peak brightness, 100% DCI-P3 color gamut, 1,000,000:1, VESA CERTIFIED Display HDR True Black 500, 1.07 billion colors, PANTONE Validated, Glossy display, 70% less harmful blue light",No,No,N/A,(13th Gen),13th Gen,Intel Integrated Iris Xe,,Intel,https://www.flipkart.com/asus-vivobook-s-15-oled-2023-intel-evo-h-series-core-i9-13th-gen-13900h-16-gb-1-tb-ssd-windows-11-home-s5504va-ma953ws-thin-light-laptop/p/itm1c8d4b809fe5f?pid=COMGZDQJADMQCDGK&lid=LSTCOMGZDQJADMQCDGK0GDOCV&marketplace=FLIPKART&q=laptops&store=6bo%2Fb5g&srno=s_1_7&otracker=search&otracker1=search&fm=Search&iid=0150e801-72ba-4ebd-906b-108883704dde.COMGZDQJADMQCDGK.SEARCH&ppt=sp&ppn=sp&qH=c06ea84a1e3dc3c6,13900H,Yes,Windows 11 Home,Intel Core i9,Intel,16 GB,15.6 Inch,1 TB,https://rukminim2.flixcart.com/image/312/312/xif0q/computer/6/g/7/-original-imagpxgqc8nggzyr.jpeg?q=70,ASUS Vivobook S 15 OLED (2023),No,1 Year Onsite Warranty,1.70 Kg,1.51 KG TO 1.80 KG ,1,1,1,-119999,119999,89
High to Low,Low to High,FALSE,ASUS,"FHD (1920 x 1080) 16:9 aspect ratio, LED Backlit LCD, vIPS-level Panel, Anti-glare display, 144Hz refresh rate, 250nits Brightness, 100% sRGB color gamut, G-Sync technology",Yes,Yes,N/A,(13th Gen),13th Gen,NVIDIA RTX 4060,,NVIDIA,https://www.flipkart.com/asus-tuf-gaming-f15-2023-90whr-battery-intel-h-series-core-i9-13th-gen-13900h-16-gb-1-tb-ssd-windows-11-home-8-gb-graphics-nvidia-geforce-rtx-4060-144-hz-140-tgp-fx507vv-lp071ws-laptop/p/itm221ec7c547b2a?pid=COMGPFPCYRKGNZ6F&lid=LSTCOMGPFPCYRKGNZ6FHTEQMU&marketplace=FLIPKART&q=laptops&store=6bo%2Fb5g&srno=s_1_9&otracker=search&otracker1=search&fm=Search&iid=0150e801-72ba-4ebd-906b-108883704dde.COMGPFPCYRKGNZ6F.SEARCH&ppt=sp&ppn=sp&qH=c06ea84a1e3dc3c6,13900H,Yes,Windows 11 Home,Intel Core i9,Intel,16 GB,15.6 Inch,1 TB,https://rukminim2.flixcart.com/image/312/312/xif0q/computer/3/w/x/-original-imagqkqmy8nfzebj.jpeg?q=70,ASUS TUF Gaming F15 (2023) with 90WHr Battery,No,1 Year Onsite Warranty,2.20 Kg,2.11 KG & Above,1,1,1,-139990,139990,90
High to Low,Low to High,FALSE,ASUS,"13.4 Inch WUXGA, Refresh Rate: 120Hz, Viewing Angle: 89/89/89, Panel Tech: IPS-Level, Contrast: 1000:1, Brightness: 500nits, NTSC%: 72%, SRGB%: 100%, Adobe%: 75%, Glossy Display, Adaptive-Sync Technology, Pantone Validated, Supports Dolby Vision HDR",Yes,Yes,4 GB,,,NVIDIA GeForce RTX 3050,4 GB,NVIDIA,https://www.flipkart.com/asus-rog-amd-ryzen-9-octa-core-6900hs-16-gb-512-gb-ssd-windows-11-home-4-graphics-nvidia-geforce-rtx-3050-gv301rc-lj132ws-gaming-laptop/p/itm56741c68496a5?pid=COMGYSGNP7Q3YTD9&lid=LSTCOMGYSGNP7Q3YTD9NN48JH&marketplace=FLIPKART&q=laptops&store=6bo%2Fb5g&srno=s_1_1&otracker=search&otracker1=search&fm=Search&iid=91b809b1-7a12-4941-b25a-f2d1666b55d0.COMGYSGNP7Q3YTD9.SEARCH&ppt=sp&ppn=sp&qH=c06ea84a1e3dc3c6,6900HS,No,Windows 11 Home,AMD Ryzen 9 Octa Core,AMD Ryzen 9 Octa Core,16 GB,13.4 Inch,512 GB,https://rukminim2.flixcart.com/image/312/312/xif0q/computer/o/p/h/-original-imagz6nys32myxfy.jpeg?q=70,ASUS ROG AMD Ryzen 9 Octa Core 6900HS Gaming Laptop,Yes,1 Year Onsite Warranty,1.30 kg,1.21 KG TO 1.50 KG,1,1,1,-96990,96990,91
High to Low,Low to High,FALSE,ASUS,"15.6 inch WQHD Anti-glare Display (16:9, 85/85/85/85 Viewing Angle, IPS-level Panel, 300nits Brightness, 1:1000, FreeSync)",No,Yes,6 GB,,,NVIDIA GeForce RTX 3060,6 GB,NVIDIA,https://www.flipkart.com/asus-rog-zephyrus-g15-amd-ryzen-9-octa-core-r9-5900hs-16-gb-1-tb-ssd-windows-10-home-6-gb-graphics-nvidia-geforce-rtx-3060-165-hz-ga503qm-hq173ts-gaming-laptop/p/itm310ce58c9248b?pid=COMG5QHNVK9H2ZJ6&lid=LSTCOMG5QHNVK9H2ZJ6WKDW47&marketplace=FLIPKART&q=laptops&store=6bo%2Fb5g&srno=s_1_2&otracker=search&otracker1=search&fm=Search&iid=91b809b1-7a12-4941-b25a-f2d1666b55d0.COMG5QHNVK9H2ZJ6.SEARCH&ppt=sp&ppn=sp&qH=c06ea84a1e3dc3c6,R9-5900HS,Yes,Windows 10 Home,AMD Ryzen 9 Octa Core,AMD Ryzen 9 Octa Core,16 GB,15.6 Inch,1 TB,https://rukminim2.flixcart.com/image/312/312/l3vxbbk0/computer/n/6/s/-original-imagewgtyyfzbykg.jpeg?q=70,ASUS ROG Zephyrus G15 Gaming Laptop,No,1 Year Onsite Warranty,1.90 kg,1.81 KG TO 2.10 KG,1,1,1,-107790,107790,92
High to Low,Low to High,FALSE,ASUS,"13.4 inch FHD+ LED Backlit LCD Glossy IPS-Level Touch Display with Adaptive Sync (16:10 Aspect Ratio, 120 Hz Refresh Rate, 300 nits Brightness, 1000:1 Contrast Ratio, 72% NTSC Color Gamut, 100% sRGB, 75% Adobe, 75% DCI-P3, Pantone Validated)",No,Yes,4 GB,,,NVIDIA GeForce RTX 1650,4 GB,NVIDIA,https://www.flipkart.com/asus-rog-flow-x13-amd-ryzen-9-octa-core-5900hs-32-gb-1-tb-ssd-windows-10-home-4-gb-graphics-nvidia-geforce-rtx-1650-120-hz-gv301qh-k6461ts-2-1-gaming-laptop/p/itm2fa81550aa27e?pid=COMG5QHNMQDZXTKH&lid=LSTCOMG5QHNMQDZXTKHPCMHYO&marketplace=FLIPKART&q=laptops&store=6bo%2Fb5g&srno=s_1_3&otracker=search&otracker1=search&fm=Search&iid=91b809b1-7a12-4941-b25a-f2d1666b55d0.COMG5QHNMQDZXTKH.SEARCH&ppt=sp&ppn=sp&qH=c06ea84a1e3dc3c6,5900HS,No,Windows 10 Home,AMD Ryzen 9 Octa Core,AMD Ryzen 9 Octa Core,32 GB,13.4 Inch,1 TB,https://rukminim2.flixcart.com/image/312/312/koixwnk0/computer/b/i/z/na-gaming-laptop-asus-original-imag2ygghykjhv95.jpeg?q=70,ASUS ROG Flow X13 2 in 1 Gaming Laptop,Yes,1 Year Onsite Warranty,1.30 kg,1.21 KG TO 1.50 KG,1,1,1,-108990,108990,93
High to Low,Low to High,FALSE,DELL,38 cm Full HD WVA AG 165 Hz 300 nits Narrow Border,No,Yes,6 GB,,,NVIDIA GeForce RTX 3060,6 GB,NVIDIA,https://www.flipkart.com/dell-amd-ryzen-9-octa-core-6900hx-16-gb-1-tb-ssd-windows-11-home-6-gb-graphics-nvidia-geforce-rtx-3060-165-hz-new-gaming-g15-laptop/p/itm78577f0d3d5cf?pid=COMGJ75H8AP2MDAY&lid=LSTCOMGJ75H8AP2MDAYTD8ISY&marketplace=FLIPKART&q=laptops&store=6bo%2Fb5g&srno=s_1_4&otracker=search&otracker1=search&fm=Search&iid=91b809b1-7a12-4941-b25a-f2d1666b55d0.COMGJ75H8AP2MDAY.SEARCH&ppt=sp&ppn=sp&qH=c06ea84a1e3dc3c6,6900HX,Yes,Windows 11 Home,AMD Ryzen 9 Octa Core,AMD Ryzen 9 Octa Core,16 GB,15 Inch,1 TB,https://rukminim2.flixcart.com/image/312/312/l45xea80/computer/7/5/r/g15-5525-gaming-laptop-dell-original-imagf4haxvzux68z.jpeg?q=70,DELL New Gaming G15 Ryzen Edition Gaming Laptop,No,1 Year Onsite Warranty,2.51 kg,2.11 KG & Above,1,1,1,-109471,109471,94
